date,pair,visa_fx_per_inr,visa_inr_per_unit,visa_bill_amt,visa_benchmark,visa_markup,mc_fx_per_inr,mc_inr_per_unit,mc_bill_amt
2025-07-06,USD/INR,0.0117230428,85.302085,1172.30428,0.0117086907,0.001226,0.0117032,85.446715,1170.3200000
2025-07-06,EUR/INR,0.0099761987,100.238580,997.61987,0.0099504468,0.002588,0.0099695,100.305933,996.9500000
2025-07-07,USD/INR,0.0117230428,85.302085,1172.30428,0.0117086907,0.001226,0.0116709,85.683195,1167.0900000
2025-07-07,EUR/INR,0.0099761987,100.238580,997.61987,0.0099504468,0.002588,0.0099607,100.394551,996.0700000
2025-07-08,USD/INR,0.0116928177,85.522585,1169.28177,0.0116376338,0.004742,0.0116712,85.680993,1167.1200000
2025-07-08,EUR/INR,0.010005824,99.941793,1000.5824,0.0099229483,0.008352,0.0099907,100.093087,999.0700000
2025-07-09,USD/INR,0.0116796389,85.619085,1167.96389,0.0116725355,0.000609,0.0116791,85.623036,1167.9100000
2025-07-09,EUR/INR,0.0099979688,100.020316,999.79688,0.0099612011,0.003691,0.0099915,100.085072,999.1500000
2025-07-10,USD/INR,0.0116790932,85.623085,1167.90932,0.0116665004,0.001079,0.0116681,85.703756,1166.8100000
2025-07-10,EUR/INR,0.0099915147,100.084925,999.15147,0.0099730727,0.001849,0.0100061,99.939037,1000.6100000
2025-07-11,USD/INR,0.0116921341,85.527585,1169.21341,0.0116600859,0.002749,0.0116671,85.711102,1166.7100000
2025-07-11,EUR/INR,0.0100266893,99.733817,1002.66893,0.0099582252,0.006875,0.0100035,99.965012,1000.3500000
2025-07-12,USD/INR,0.0116577174,85.780085,1165.77174,0.0116520057,0.00049,0.0116671,85.711102,1166.7100000
2025-07-12,EUR/INR,0.0099954607,100.045413,999.54607,0.0099734706,0.002205,0.0100035,99.965012,1000.3500000
2025-07-13,USD/INR,0.0116577174,85.780085,1165.77174,0.0116520057,0.00049,0.0116671,85.711102,1166.7100000
2025-07-13,EUR/INR,0.0099954607,100.045413,999.54607,0.0099734706,0.002205,0.0100035,99.965012,1000.3500000
2025-07-14,USD/INR,0.0116577174,85.780085,1165.77174,0.0116520057,0.00049,0.0116337,85.957176,1163.3700000
2025-07-14,EUR/INR,0.0099954607,100.045413,999.54607,0.0099734706,0.002205,0.0099869,100.131172,998.6900000
2025-07-15,USD/INR,0.0116387221,85.920085,1163.87221,0.0116276757,0.00095,0.0116355,85.943879,1163.5500000
2025-07-15,EUR/INR,0.009991167,100.088408,999.1167,0.0099466858,0.004472,0.0100315,99.685989,1003.1500000
2025-07-16,USD/INR,0.0116653329,85.724085,1166.53329,0.0116463077,0.001634,0.0116576,85.78095,1165.7600000
2025-07-16,EUR/INR,0.0100649881,99.354315,1006.49881,0.0099839757,0.008114,0.0100836,99.170931,1008.3600000
2025-07-17,USD/INR,0.0116647886,85.728085,1166.47886,0.0116283382,0.003135,0.0116393,85.91582,1163.9300000
2025-07-17,EUR/INR,0.0100897647,99.110339,1008.97647,0.0100227014,0.006691,0.0100729,99.276276,1007.2900000
2025-07-18,USD/INR,0.0116562227,85.791085,1165.62227,0.0116170458,0.003372,0.0116267,86.008928,1162.6700000
2025-07-18,EUR/INR,0.0100875907,99.131698,1008.75907,0.0100328576,0.005455,0.0100412,99.58969,1004.1200000
2025-07-19,USD/INR,0.0116323589,85.967086,1163.23589,0.0116092515,0.00199,0.0116267,86.008928,1162.6700000
2025-07-19,EUR/INR,0.01003827,99.618759,1003.827,0.0099650228,0.00735,0.0100412,99.58969,1004.1200000
2025-07-20,USD/INR,0.0116323589,85.967086,1163.23589,0.0116092515,0.00199,0.0116267,86.008928,1162.6700000
2025-07-20,EUR/INR,0.01003827,99.618759,1003.827,0.0099650228,0.00735,0.0100412,99.58969,1004.1200000
2025-07-21,USD/INR,0.0116323589,85.967086,1163.23589,0.0116092515,0.00199,0.0116108,86.12671,1161.0800000
2025-07-21,EUR/INR,0.01003827,99.618759,1003.827,0.0099650228,0.00735,0.0099972,100.028008,999.7200000
2025-07-22,USD/INR,0.0116107492,86.127086,1161.07492,0.0115898119,0.001807,0.0115997,86.209126,1159.9700000
2025-07-22,EUR/INR,0.009997191,100.028097,999.7191,0.0099338406,0.006377,0.0099338,100.666412,993.3800000
2025-07-23,USD/INR,0.0116064369,86.159086,1160.64369,0.0115706697,0.003091,0.0115903,86.279044,1159.0300000
2025-07-23,EUR/INR,0.009939561,100.608065,993.9561,0.0098903066,0.00498,0.0098986,101.024387,989.8600000
2025-07-24,USD/INR,0.0115902943,86.279086,1159.02943,0.0115712347,0.001647,0.0115782,86.369211,1157.8200000
2025-07-24,EUR/INR,0.0098986102,101.024283,989.86102,0.0098680153,0.0031,0.0098714,101.302753,987.1400000
2025-07-25,USD/INR,0.011596208,86.235086,1159.6208,0.0115750815,0.001825,0.0115781,86.369957,1157.8100000
2025-07-25,EUR/INR,0.0098867733,101.145234,988.67733,0.0098461054,0.00413,0.0098941,101.070335,989.4100000
2025-07-26,USD/INR,0.0115758042,86.387086,1157.58042,0.0115593942,0.00142,0.0115781,86.369957,1157.8100000
2025-07-26,EUR/INR,0.0098921489,101.090269,989.21489,0.0098595993,0.003301,0.0098941,101.070335,989.4100000
2025-07-27,USD/INR,0.0115758042,86.387086,1157.58042,0.0115593942,0.00142,0.0115781,86.369957,1157.8100000
2025-07-27,EUR/INR,0.0098921489,101.090269,989.21489,0.0098595993,0.003301,0.0098941,101.070335,989.4100000
2025-07-28,USD/INR,0.0115758042,86.387086,1157.58042,0.0115593942,0.00142,0.0115419,86.640848,1154.1900000
2025-07-28,EUR/INR,0.0098921489,101.090269,989.21489,0.0098595993,0.003301,0.0099447,100.556075,994.4700000
2025-07-29,USD/INR,0.0115744644,86.397086,1157.44644,0.0115345596,0.00346,0.0114836,87.080706,1148.3600000
2025-07-29,EUR/INR,0.0099917583,100.082484,999.17583,0.0098975113,0.009522,0.0099727,100.273747,997.2700000
2025-07-30,USD/INR,0.0115300242,86.730086,1153.00242,0.0115142318,0.001372,0.0114170,87.588684,1141.7000000
2025-07-30,EUR/INR,0.0100130375,99.869794,1001.30375,0.0099837265,0.002936,0.0099668,100.333106,996.6800000
2025-07-31,USD/INR,0.0114882992,87.045086,1148.82992,0.0114300730,0.005094,0.0114313,87.479114,1143.1300000
2025-07-31,EUR/INR,0.0100783294,99.222793,1007.83294,0.0099159131,0.016379,0.0100283,99.717799,1002.8300000
2025-08-01,USD/INR,0.0114313035,87.479087,1143.13035,0.0114123336,0.001662,0.0114755,87.142172,1147.5500000
2025-08-01,EUR/INR,0.0100256903,99.743755,1002.56903,0.0099705868,0.005527,0.0100760,99.245732,1007.6000000
2025-08-02,USD/INR,0.0114755112,87.142087,1147.55112,0.0114279988,0.004158,0.0114755,87.142172,1147.5500000
2025-08-02,EUR/INR,0.0100759503,99.246221,1007.59503,0.0100210442,0.005479,0.0100760,99.245732,1007.6000000
2025-08-03,USD/INR,0.0114755112,87.142087,1147.55112,0.0114279988,0.004158,0.0114755,87.142172,1147.5500000
2025-08-03,EUR/INR,0.0100759503,99.246221,1007.59503,0.0100210442,0.005479,0.0100760,99.245732,1007.6000000
2025-08-04,USD/INR,0.0114755112,87.142087,1147.55112,0.0114279988,0.004158,0.0114227,87.544976,1142.2700000
2025-08-04,EUR/INR,0.0100759503,99.246221,1007.59503,0.0100210442,0.005479,0.0098923,101.088726,989.2300000
2025-08-05,USD/INR,0.0114764331,87.135087,1147.64331,0.0114081944,0.005982,0.0114028,87.697758,1140.2800000
2025-08-05,EUR/INR,0.0099388773,100.614985,993.88773,0.0098644136,0.007549,0.0098940,101.071356,989.4000000
2025-08-06,USD/INR,0.011398468,87.731088,1139.8468,0.0113922614,0.000545,0.0114146,87.6071,1141.4600000
2025-08-06,EUR/INR,0.009890201,101.110179,989.0201,0.0098668469,0.002367,0.0098717,101.299675,987.1700000
2025-08-07,USD/INR,0.0114146016,87.607087,1141.46016,0.0113995491,0.00132,0.0114521,87.320229,1145.2100000
2025-08-07,EUR/INR,0.0098716511,101.300176,987.16511,0.0098238100,0.00487,0.0098649,101.369502,986.4900000
2025-08-08,USD/INR,0.0114067243,87.667587,1140.67243,0.0114291043,-0.001958,0.0114390,87.420229,1143.9000000
2025-08-08,EUR/INR,0.0098257497,101.773404,982.57497,0.0098162882,0.000964,0.0098460,101.564087,984.6000000
2025-08-09,USD/INR,0.0114269276,87.512587,1142.69276,0.0114128385,0.001234,0.0114390,87.420229,1143.9000000
2025-08-09,EUR/INR,0.0098270693,101.759738,982.70693,0.0097981099,0.002956,0.0098460,101.564087,984.6000000
2025-08-10,USD/INR,0.0114269276,87.512587,1142.69276,0.0114128385,0.001234,0.0114390,87.420229,1143.9000000
2025-08-10,EUR/INR,0.0098270693,101.759738,982.70693,0.0097981099,0.002956,0.0098460,101.564087,984.6000000
2025-08-11,USD/INR,0.0114269276,87.512587,1142.69276,0.0114128385,0.001234,0.0114240,87.535014,1142.4000000
2025-08-11,EUR/INR,0.0098270693,101.759738,982.70693,0.0097981099,0.002956,0.0098576,101.444571,985.7600000
2025-08-12,USD/INR,0.0114328718,87.467087,1143.28718,0.0113975257,0.003101,0.0114185,87.577177,1141.8500000
2025-08-12,EUR/INR,0.0098652691,101.365709,986.52691,0.0098068540,0.005957,0.0098461,101.563055,984.6100000
2025-08-13,USD/INR,0.0114209895,87.558087,1142.09895,0.0114017603,0.001687,0.0114312,87.47988,1143.1200000
2025-08-13,EUR/INR,0.0098482177,101.541215,984.82177,0.0098240223,0.002463,0.0098004,102.036652,980.0400000
2025-08-14,USD/INR,0.0114455648,87.370087,1144.55648,0.0114353509,0.000893,0.0114132,87.617846,1141.3200000
2025-08-14,EUR/INR,0.009810194,101.934783,981.0194,0.0097646237,0.004667,0.0098085,101.952388,980.8500000
2025-08-15,USD/INR,0.011444255,87.380087,1144.4255,0.0114192496,0.00219,0.0114414,87.401891,1144.1400000
2025-08-15,EUR/INR,0.0098402782,101.623143,984.02782,0.0097683914,0.007359,0.0098378,101.648743,983.7800000
2025-08-16,USD/INR,0.0114439276,87.382587,1144.39276,0.0114336023,0.000903,0.0114414,87.401891,1144.1400000
2025-08-16,EUR/INR,0.0098281657,101.748386,982.81657,0.0097823429,0.004684,0.0098378,101.648743,983.7800000
2025-08-17,USD/INR,0.0114439276,87.382587,1144.39276,0.0114336023,0.000903,0.0114414,87.401891,1144.1400000
2025-08-17,EUR/INR,0.0098281657,101.748386,982.81657,0.0097823429,0.004684,0.0098378,101.648743,983.7800000
2025-08-18,USD/INR,0.0114439276,87.382587,1144.39276,0.0114336023,0.000903,0.0114528,87.314892,1145.2800000
2025-08-18,EUR/INR,0.0098281657,101.748386,982.81657,0.0097823429,0.004684,0.0098231,101.800857,982.3100000
2025-08-19,USD/INR,0.0114578922,87.276087,1145.78922,0.0114442859,0.001189,0.0115058,86.912688,1150.5800000
2025-08-19,EUR/INR,0.0098308715,101.720381,983.08715,0.0098040657,0.002734,0.0098872,101.140869,988.7200000
2025-08-20,USD/INR,0.0115057471,86.913087,1150.57471,0.0114826836,0.002009,0.0114980,86.971647,1149.8000000
2025-08-20,EUR/INR,0.0098872008,101.140860,988.72008,0.0098293816,0.005882,0.0098941,101.070335,989.4100000
2025-08-21,USD/INR,0.0114979419,86.972086,1149.79419,0.0114866830,0.00098,0.0114668,87.208288,1146.6800000
2025-08-21,EUR/INR,0.0098940972,101.070363,989.40972,0.0098589675,0.003563,0.0098869,101.143938,988.6900000
2025-08-22,USD/INR,0.0115046882,86.921086,1150.46882,0.0114595435,0.003939,0.0114716,87.171798,1147.1600000
2025-08-22,EUR/INR,0.009919535,100.811177,991.9535,0.0098458145,0.007487,0.0099055,100.954015,990.5500000
2025-08-23,USD/INR,0.0114521186,87.320087,1145.21186,0.0114237352,0.002485,0.0114716,87.171798,1147.1600000
2025-08-23,EUR/INR,0.0098887032,101.125494,988.87032,0.0098412605,0.004821,0.0099055,100.954015,990.5500000
2025-08-24,USD/INR,0.0114521186,87.320087,1145.21186,0.0114237352,0.002485,0.0114716,87.171798,1147.1600000
2025-08-24,EUR/INR,0.0098887032,101.125494,988.87032,0.0098412605,0.004821,0.0099055,100.954015,990.5500000
2025-08-25,USD/INR,0.0114521186,87.320087,1145.21186,0.0114237352,0.002485,0.0114288,87.49825,1142.8800000
2025-08-25,EUR/INR,0.0098887032,101.125494,988.87032,0.0098412605,0.004821,0.0097984,102.057479,979.8400000
2025-08-26,USD/INR,0.0114603871,87.257087,1146.03871,0.0114207882,0.003467,0.0114256,87.522756,1142.5600000
2025-08-26,EUR/INR,0.0098787826,101.227047,987.87826,0.0097638610,0.01177,0.0098505,101.517689,985.0500000
2025-08-27,USD/INR,0.0114185117,87.577087,1141.85117,0.0114132404,0.000462,0.0114151,87.603262,1141.5100000
2025-08-27,EUR/INR,0.0098443834,101.580765,984.43834,0.0097917299,0.005377,0.0098636,101.382862,986.3600000
2025-08-28,USD/INR,0.011417208,87.587087,1141.7208,0.0113948437,0.001963,0.0114266,87.515096,1142.6600000
2025-08-28,EUR/INR,0.0098653734,101.364637,986.53734,0.0098290724,0.003693,0.0098420,101.605365,984.2000000
2025-08-29,USD/INR,0.0114269276,87.512587,1142.69276,0.0114186800,0.000722,0.0113625,88.008801,1136.2500000
2025-08-29,EUR/INR,0.0098279145,101.750986,982.79145,0.0097796163,0.004939,0.0097540,102.522042,975.4000000
2025-08-30,USD/INR,0.0114034724,87.692587,1140.34724,0.0113400808,0.00559,0.0113625,88.008801,1136.2500000
2025-08-30,EUR/INR,0.0097892188,102.153197,978.92188,0.0097272953,0.006366,0.0097540,102.522042,975.4000000
2025-08-31,USD/INR,0.0114034724,87.692587,1140.34724,0.0113400808,0.00559,0.0113625,88.008801,1136.2500000
2025-08-31,EUR/INR,0.0097892188,102.153197,978.92188,0.0097272953,0.006366,0.0097540,102.522042,975.4000000
2025-09-01,USD/INR,0.0114034724,87.692587,1140.34724,0.0113400808,0.00559,0.0113740,87.919817,1137.4000000
2025-09-01,EUR/INR,0.0097892188,102.153197,978.92188,0.0097272953,0.006366,0.0097355,102.716861,973.5500000
2025-09-02,USD/INR,0.0113478283,88.122588,1134.78283,0.0113382855,0.000842,0.0113716,87.938373,1137.1600000
2025-09-02,EUR/INR,0.0097131019,102.953722,971.31019,0.0096784340,0.003582,0.0097946,102.097074,979.4600000
2025-09-03,USD/INR,0.0113883429,87.809087,1138.83429,0.0113531456,0.0031,0.0113692,87.956936,1136.9200000
2025-09-03,EUR/INR,0.0098090711,101.946452,980.90711,0.0097485365,0.00621,0.0097960,102.082483,979.6000000
2025-09-04,USD/INR,0.0113675003,87.970087,1136.75003,0.0113596927,0.000687,0.0113431,88.159322,1134.3100000
2025-09-04,EUR/INR,0.0097944933,102.098186,979.44933,0.0097482989,0.004739,0.0097550,102.511533,975.5000000
2025-09-05,USD/INR,0.0113645936,87.992587,1136.45936,0.0113490312,0.001371,0.0113550,88.066931,1135.5000000
2025-09-05,EUR/INR,0.0097734625,102.317883,977.34625,0.0097441669,0.003006,0.0097627,102.43068,976.2700000
2025-09-06,USD/INR,0.0113565272,88.055087,1135.65272,0.0113319964,0.002165,0.0113550,88.066931,1135.5000000
2025-09-06,EUR/INR,0.0097531053,102.531447,975.31053,0.0096879511,0.006725,0.0097627,102.43068,976.2700000
2025-09-07,USD/INR,0.0113565272,88.055087,1135.65272,0.0113319964,0.002165,0.0113550,88.066931,1135.5000000
2025-09-07,EUR/INR,0.0097531053,102.531447,975.31053,0.0096879511,0.006725,0.0097627,102.43068,976.2700000
2025-09-08,USD/INR,0.0113565272,88.055087,1135.65272,0.0113319964,0.002165,0.0113748,87.913634,1137.4800000
2025-09-08,EUR/INR,0.0097531053,102.531447,975.31053,0.0096879511,0.006725,0.0097220,102.859494,972.2000000
2025-09-09,USD/INR,0.0113536261,88.077587,1135.36261,0.0113593329,-0.000502,0.0113388,88.192754,1133.8800000
2025-09-09,EUR/INR,0.0097039442,103.050881,970.39442,0.0096856522,0.001889,0.0096805,103.300449,968.0500000
2025-09-10,USD/INR,0.0113708998,87.943787,1137.08998,0.0113417643,0.002569,0.0113618,88.014223,1136.1800000
2025-09-10,EUR/INR,0.009717047,102.911923,971.7047,0.0096574969,0.006166,0.0097268,102.808735,972.6800000
2025-09-11,USD/INR,0.011362592,88.008088,1136.2592,0.0113481158,0.001276,0.0113614,88.017322,1136.1400000
2025-09-11,EUR/INR,0.0097274041,102.802349,972.74041,0.0096934448,0.003503,0.0097431,102.636738,974.3100000
2025-09-12,USD/INR,0.0113539483,88.075088,1135.39483,0.0113083199,0.004035,0.0113347,88.224655,1133.4700000
2025-09-12,EUR/INR,0.0097375103,102.695655,973.75103,0.0096776379,0.006187,0.0096877,103.223675,968.7700000
2025-09-13,USD/INR,0.0113346444,88.225088,1133.46444,0.0113284377,0.000548,0.0113347,88.224655,1133.4700000
2025-09-13,EUR/INR,0.0096877205,103.223456,968.77205,0.0096675522,0.002086,0.0096877,103.223675,968.7700000
2025-09-14,USD/INR,0.0113346444,88.225088,1133.46444,0.0113284377,0.000548,0.0113347,88.224655,1133.4700000
2025-09-14,EUR/INR,0.0096877205,103.223456,968.77205,0.0096675522,0.002086,0.0096877,103.223675,968.7700000
2025-09-15,USD/INR,0.0113346444,88.225088,1133.46444,0.0113284377,0.000548,0.0113474,88.125914,1134.7400000
2025-09-15,EUR/INR,0.0096877205,103.223456,968.77205,0.0096675522,0.002086,0.0096862,103.239661,968.6200000
2025-09-16,USD/INR,0.0113513707,88.095087,1135.13707,0.0113446047,0.000596,0.0113675,87.97009,1136.7500000
2025-09-16,EUR/INR,0.009689594,103.203498,968.9594,0.0096418534,0.004951,0.0096704,103.408339,967.0400000
2025-09-17,USD/INR,0.0113623338,88.010088,1136.23338,0.0113570889,0.000462,0.0114004,87.71622,1140.0400000
2025-09-17,EUR/INR,0.0096651263,103.464762,966.51263,0.0096189455,0.004801,0.0096361,103.776424,963.6100000
2025-09-18,USD/INR,0.0114100431,87.642087,1141.00431,0.0113828800,0.002386,0.0113576,88.04677,1135.7600000
2025-09-18,EUR/INR,0.0096646042,103.470352,966.46042,0.0096163555,0.005017,0.0096661,103.45434,966.6100000
2025-09-19,USD/INR,0.0113713782,87.940088,1137.13782,0.0113488935,0.001981,0.0113580,88.04367,1135.8000000
2025-09-19,EUR/INR,0.009677759,103.329706,967.7759,0.0096030576,0.007779,0.0096845,103.257783,968.4500000
2025-09-20,USD/INR,0.011357946,88.044088,1135.7946,0.0113429662,0.001321,0.0113580,88.04367,1135.8000000
2025-09-20,EUR/INR,0.00968446,103.258209,968.446,0.0096651041,0.002003,0.0096845,103.257783,968.4500000
2025-09-21,USD/INR,0.011357946,88.044088,1135.7946,0.0113429662,0.001321,0.0113580,88.04367,1135.8000000
2025-09-21,EUR/INR,0.00968446,103.258209,968.446,0.0096651041,0.002003,0.0096845,103.257783,968.4500000
2025-09-22,USD/INR,0.011357946,88.044088,1135.7946,0.0113429662,0.001321,0.0113320,88.245676,1133.2000000
2025-09-22,EUR/INR,0.00968446,103.258209,968.446,0.0096651041,0.002003,0.0096648,103.468256,966.4800000
2025-09-23,USD/INR,0.0113493094,88.111088,1134.93094,0.0113281025,0.001872,0.0112679,88.747681,1126.7900000
2025-09-23,EUR/INR,0.0096795719,103.310354,967.95719,0.0096155695,0.006656,0.0095734,104.456097,957.3400000
2025-09-24,USD/INR,0.0113112462,88.407588,1131.12462,0.0112644925,0.004151,0.0112780,88.668204,1127.8000000
2025-09-24,EUR/INR,0.0096036975,104.126561,960.36975,0.0095518465,0.005428,0.0096171,103.98145,961.7100000
2025-09-25,USD/INR,0.0112780146,88.668088,1127.80146,0.0112730080,0.000444,0.0112855,88.609277,1128.5500000
2025-09-25,EUR/INR,0.0096171257,103.981171,961.71257,0.0095891528,0.002917,0.0096738,103.371994,967.3800000
2025-09-26,USD/INR,0.0112874348,88.594088,1128.74348,0.0112754115,0.001066,0.0112810,88.644624,1128.1000000
2025-09-26,EUR/INR,0.0096929356,103.167919,969.29356,0.0096050869,0.009146,0.0096874,103.226872,968.7400000
2025-09-27,USD/INR,0.0112843779,88.618088,1128.43779,0.0112719038,0.001107,0.0112810,88.644624,1128.1000000
2025-09-27,EUR/INR,0.0096803351,103.302209,968.03351,0.0096572171,0.002394,0.0096874,103.226872,968.7400000
2025-09-28,USD/INR,0.0112843779,88.618088,1128.43779,0.0112719038,0.001107,0.0112810,88.644624,1128.1000000
2025-09-28,EUR/INR,0.0096803351,103.302209,968.03351,0.0096572171,0.002394,0.0096874,103.226872,968.7400000
2025-09-29,USD/INR,0.0112843779,88.618088,1128.43779,0.0112719038,0.001107,0.0112765,88.679998,1127.6500000
2025-09-29,EUR/INR,0.0096803351,103.302209,968.03351,0.0096572171,0.002394,0.0096405,103.72906,964.0500000
2025-09-30,USD/INR,0.0112842506,88.619088,1128.42506,0.0112675325,0.001484,0.0112590,88.817835,1125.9000000
2025-09-30,EUR/INR,0.0096471226,103.657851,964.71226,0.0096114753,0.003709,0.0096140,104.014978,961.4000000
2025-10-01,USD/INR,0.011278905,88.661088,1127.8905,0.0112618316,0.001516,0.0112901,88.573175,1129.0100000
2025-10-01,EUR/INR,0.0096310253,103.831105,963.10253,0.0095918845,0.004081,0.0096389,103.746278,963.8900000
2025-10-02,USD/INR,0.0112900727,88.573388,1129.00727,0.0112706927,0.00172,0.0112823,88.63441,1128.2300000
2025-10-02,EUR/INR,0.0096397383,103.737256,963.97383,0.0096133510,0.002745,0.0096586,103.534674,965.8600000
2025-10-03,USD/INR,0.0112806227,88.647588,1128.06227,0.0112715981,0.000801,0.0112792,88.65877,1127.9200000
2025-10-03,EUR/INR,0.0096572309,103.549351,965.72309,0.0095895849,0.007054,0.0096461,103.66884,964.6100000
2025-10-04,USD/INR,0.0112791976,88.658788,1127.91976,0.0112628740,0.001449,0.0112792,88.65877,1127.9200000
2025-10-04,EUR/INR,0.0096312752,103.828411,963.12752,0.0095984950,0.003415,0.0096461,103.66884,964.6100000
2025-10-05,USD/INR,0.0112791976,88.658788,1127.91976,0.0112628740,0.001449,0.0112792,88.65877,1127.9200000
2025-10-05,EUR/INR,0.0096312752,103.828411,963.12752,0.0095984950,0.003415,0.0096461,103.66884,964.6100000
2025-10-06,USD/INR,0.0112791976,88.658788,1127.91976,0.0112628740,0.001449,0.0112757,88.68629,1127.5700000
2025-10-06,EUR/INR,0.0096312752,103.828411,963.12752,0.0095984950,0.003415,0.0096796,103.310054,967.9600000
2025-10-07,USD/INR,0.0112771243,88.675088,1127.71243,0.0112637204,0.00119,0.0112760,88.68393,1127.6000000
2025-10-07,EUR/INR,0.0096807563,103.297714,968.07563,0.0096452478,0.003681,0.0096765,103.343151,967.6500000
2025-10-08,USD/INR,0.0112758527,88.685088,1127.58527,0.0112668711,0.000797,0.0112733,88.705171,1127.3300000
2025-10-08,EUR/INR,0.0096813269,103.291626,968.13269,0.0096578700,0.002429,0.0097167,102.915599,971.6700000
2025-10-09,USD/INR,0.0112717856,88.717088,1127.17856,0.0112667458,0.000447,0.0112578,88.827302,1125.7800000
2025-10-09,EUR/INR,0.0097195605,102.885310,971.95605,0.0096901572,0.003034,0.0097513,102.550429,975.1300000
2025-10-10,USD/INR,0.0112682292,88.745088,1126.82292,0.0112616086,0.000588,0.0112838,88.622627,1128.3800000
2025-10-10,EUR/INR,0.0097636409,102.420809,976.36409,0.0096990859,0.006656,0.0097771,102.279817,977.7100000
2025-10-11,USD/INR,0.0113010838,88.487088,1130.10838,0.0112726234,0.002525,0.0112838,88.622627,1128.3800000
2025-10-11,EUR/INR,0.0097802445,102.246932,978.02445,0.0097446607,0.003652,0.0097771,102.279817,977.7100000
2025-10-12,USD/INR,0.0113010838,88.487088,1130.10838,0.0112726234,0.002525,0.0112838,88.622627,1128.3800000
2025-10-12,EUR/INR,0.0097802445,102.246932,978.02445,0.0097446607,0.003652,0.0097771,102.279817,977.7100000
2025-10-13,USD/INR,0.0113010838,88.487088,1130.10838,0.0112726234,0.002525,0.0112923,88.555919,1129.2300000
2025-10-13,EUR/INR,0.0097802445,102.246932,978.02445,0.0097446607,0.003652,0.0097718,102.335291,977.1800000
2025-10-14,USD/INR,0.0112922783,88.556088,1129.22783,0.0112751691,0.001517,0.0112689,88.739806,1126.8900000
2025-10-14,EUR/INR,0.0097717783,102.335518,977.17783,0.0097460188,0.002643,0.0097651,102.405505,976.5100000
2025-10-15,USD/INR,0.0112714044,88.720088,1127.14044,0.0112621219,0.000824,0.0113746,87.915179,1137.4600000
2025-10-15,EUR/INR,0.0097672384,102.383085,976.72384,0.0097482229,0.001951,0.0098066,101.972141,980.6600000
2025-10-16,USD/INR,0.011373965,87.920087,1137.3965,0.0113560970,0.001573,0.0113906,87.791688,1139.0600000
2025-10-16,EUR/INR,0.0098051324,101.987404,980.51324,0.0097712072,0.003472,0.0097975,102.066854,979.7500000
2025-10-17,USD/INR,0.0114157743,87.598087,1141.57743,0.0113730333,0.003758,0.0113763,87.902042,1137.6300000
2025-10-17,EUR/INR,0.0098073565,101.964275,980.73565,0.0097630984,0.004533,0.0097600,102.459016,976.0000000
2025-10-18,USD/INR,0.0114022371,87.702087,1140.22371,0.0113642776,0.00334,0.0113763,87.902042,1137.6300000
2025-10-18,EUR/INR,0.0097889987,102.155494,978.89987,0.0097288568,0.006182,0.0097600,102.459016,976.0000000
2025-10-19,USD/INR,0.0114022371,87.702087,1140.22371,0.0113642776,0.00334,0.0113763,87.902042,1137.6300000
2025-10-19,EUR/INR,0.0097889987,102.155494,978.89987,0.0097288568,0.006182,0.0097600,102.459016,976.0000000
2025-10-20,USD/INR,0.0114022371,87.702087,1140.22371,0.0113642776,0.00334,0.0113959,87.750858,1139.5900000
2025-10-20,EUR/INR,0.0097889987,102.155494,978.89987,0.0097288568,0.006182,0.0097869,102.1774,978.6900000
2025-10-21,USD/INR,0.0113982732,87.732587,1139.82732,0.0113761146,0.001948,0.0113790,87.881185,1137.9000000
2025-10-21,EUR/INR,0.0097948455,102.094514,979.48455,0.0097607160,0.003497,0.0098120,101.916021,981.2000000
2025-10-22,USD/INR,0.011380437,87.870087,1138.0437,0.0113674536,0.001142,0.0114150,87.60403,1141.5000000
2025-10-22,EUR/INR,0.0098132497,101.903042,981.32497,0.0097936191,0.002004,0.0098609,101.410622,986.0900000
2025-10-23,USD/INR,0.0113976236,87.737587,1139.76236,0.0113104372,0.007708,0.0114049,87.681611,1140.4900000
2025-10-23,EUR/INR,0.0098458986,101.565132,984.58986,0.0097613163,0.008665,0.0098454,101.570276,984.5400000
2025-10-24,USD/INR,0.0113869164,87.820087,1138.69164,0.0113867965,0.000011,0.0113899,87.797083,1138.9900000
2025-10-24,EUR/INR,0.0098298559,101.730891,982.98559,0.0098221310,0.000786,0.0098197,101.836105,981.9700000
2025-10-25,USD/INR,0.0114122568,87.625087,1141.22568,0.0113890033,0.002042,0.0113899,87.797083,1138.9900000
2025-10-25,EUR/INR,0.0098389907,101.636441,983.89907,0.0098079601,0.003164,0.0098197,101.836105,981.9700000
2025-10-26,USD/INR,0.0114122568,87.625087,1141.22568,0.0113890033,0.002042,0.0113899,87.797083,1138.9900000
2025-10-26,EUR/INR,0.0098389907,101.636441,983.89907,0.0098079601,0.003164,0.0098197,101.836105,981.9700000
2025-10-27,USD/INR,0.0114122568,87.625087,1141.22568,0.0113890033,0.002042,0.0113404,88.180311,1134.0400000
2025-10-27,EUR/INR,0.0098389907,101.636441,983.89907,0.0098079601,0.003164,0.0097627,102.43068,976.2700000
2025-10-28,USD/INR,0.0113923648,87.778088,1139.23648,0.0113321067,0.005317,0.0113437,88.154659,1134.3700000
2025-10-28,EUR/INR,0.0098074668,101.963128,980.74668,0.0097354868,0.007394,0.0097580,102.480016,975.8000000
2025-10-29,USD/INR,0.0113436447,88.155088,1134.36447,0.0113230546,0.001818,0.0113226,88.318937,1132.2600000
2025-10-29,EUR/INR,0.0097579642,102.480392,975.79642,0.0097360745,0.002248,0.0097457,102.609356,974.5700000
2025-10-30,USD/INR,0.0113460901,88.136088,1134.60901,0.0113338398,0.001081,0.0112967,88.521427,1129.6700000
2025-10-30,EUR/INR,0.0098005345,102.035251,980.05345,0.0097403230,0.006182,0.0097841,102.206641,978.4100000
2025-10-31,USD/INR,0.0113246322,88.303088,1132.46322,0.0112717237,0.004694,0.0112729,88.708318,1127.2900000
2025-10-31,EUR/INR,0.0098082634,101.954847,980.82634,0.0097590681,0.005041,0.0097846,102.201419,978.4600000
2025-11-01,USD/INR,0.0112930435,88.550088,1129.30435,0.0112714254,0.001918,0.0112729,88.708318,1127.2900000
2025-11-01,EUR/INR,0.0098029793,102.009804,980.29793,0.0097554313,0.004874,0.0097846,102.201419,978.4600000
2025-11-02,USD/INR,0.0112930435,88.550088,1129.30435,0.0112714254,0.001918,0.0112729,88.708318,1127.2900000
2025-11-02,EUR/INR,0.0098029793,102.009804,980.29793,0.0097554313,0.004874,0.0097846,102.201419,978.4600000
2025-11-03,USD/INR,0.0112930435,88.550088,1129.30435,0.0112714254,0.001918,0.0112756,88.687077,1127.5600000
2025-11-03,EUR/INR,0.0098029793,102.009804,980.29793,0.0097554313,0.004874,0.0098015,102.0252,980.1500000
2025-11-04,USD/INR,0.011276107,88.683088,1127.6107,0.0112645466,0.001026,0.0112836,88.624198,1128.3600000
2025-11-04,EUR/INR,0.0098018913,102.021127,980.18913,0.0097833478,0.001895,0.0098358,101.669412,983.5800000
2025-11-05,USD/INR,0.0113215551,88.327088,1132.15551,0.0112728147,0.004324,0.0112945,88.538669,1129.4500000
2025-11-05,EUR/INR,0.0098688492,101.328937,986.88492,0.0098101250,0.005986,0.0098487,101.536243,984.8700000
2025-11-06,USD/INR,0.0112962327,88.525088,1129.62327,0.0112813767,0.001317,0.0112830,88.628911,1128.3000000
2025-11-06,EUR/INR,0.0098502105,101.520673,985.02105,0.0098167218,0.003411,0.0098327,101.701466,983.2700000
2025-11-07,USD/INR,0.0113052999,88.454088,1130.52999,0.0112899831,0.001357,0.0112824,88.633624,1128.2400000
2025-11-07,EUR/INR,0.009840098,101.625004,984.0098,0.0097892856,0.005191,0.0097878,102.168005,978.7800000
2025-11-08,USD/INR,0.0112925334,88.554088,1129.25334,0.0112770440,0.001374,0.0112824,88.633624,1128.2400000
2025-11-08,EUR/INR,0.0097957339,102.085255,979.57339,0.0097543846,0.004239,0.0097878,102.168005,978.7800000
2025-11-09,USD/INR,0.0112925334,88.554088,1129.25334,0.0112770440,0.001374,0.0112824,88.633624,1128.2400000
2025-11-09,EUR/INR,0.0097957339,102.085255,979.57339,0.0097543846,0.004239,0.0097878,102.168005,978.7800000
2025-11-10,USD/INR,0.0112925334,88.554088,1129.25334,0.0112770440,0.001374,0.0112743,88.697303,1127.4300000
2025-11-10,EUR/INR,0.0097957339,102.085255,979.57339,0.0097543846,0.004239,0.0097715,102.338433,977.1500000
2025-11-11,USD/INR,0.0112843779,88.618088,1128.43779,0.0112765688,0.000693,0.0113102,88.415766,1131.0200000
2025-11-11,EUR/INR,0.0097801756,102.247652,978.01756,0.0097455439,0.003554,0.0098008,102.032487,980.0800000
2025-11-12,USD/INR,0.0112975089,88.515088,1129.75089,0.0113004003,-0.000256,0.0113024,88.476784,1130.2400000
2025-11-12,EUR/INR,0.0097847719,102.199623,978.47719,0.0097627648,0.002254,0.0097754,102.297604,977.5400000
2025-11-13,USD/INR,0.0113001898,88.494088,1130.01898,0.0112862261,0.001237,0.0112642,88.776833,1126.4200000
2025-11-13,EUR/INR,0.00977355,102.316967,977.355,0.0097496770,0.002449,0.0097290,102.785487,972.9000000
2025-11-14,USD/INR,0.0112896011,88.577088,1128.96011,0.0112753827,0.001261,0.0112831,88.628125,1128.3100000
2025-11-14,EUR/INR,0.0097508981,102.554655,975.08981,0.0097042626,0.004806,0.0097235,102.843626,972.3500000
2025-11-15,USD/INR,0.0112831047,88.628088,1128.31047,0.0112773693,0.000509,0.0112831,88.628125,1128.3100000
2025-11-15,EUR/INR,0.0097234517,102.844137,972.34517,0.0096818074,0.004301,0.0097235,102.843626,972.3500000
2025-11-16,USD/INR,0.0112831047,88.628088,1128.31047,0.0112773693,0.000509,0.0112831,88.628125,1128.3100000
2025-11-16,EUR/INR,0.0097234517,102.844137,972.34517,0.0096818074,0.004301,0.0097235,102.843626,972.3500000
2025-11-17,USD/INR,0.0112831047,88.628088,1128.31047,0.0112773693,0.000509,0.0112937,88.544941,1129.3700000
2025-11-17,EUR/INR,0.0097234517,102.844137,972.34517,0.0096818074,0.004301,0.0097519,102.54412,975.1900000
2025-11-18,USD/INR,0.0112936812,88.545088,1129.36812,0.0112860752,0.000674,0.0112968,88.520643,1129.6800000
2025-11-18,EUR/INR,0.0097518952,102.544170,975.18952,0.0097352499,0.00171,0.0097630,102.427533,976.3000000
2025-11-19,USD/INR,0.0112892188,88.580088,1128.92188,0.0112914540,-0.000198,0.0113108,88.411076,1131.0800000
2025-11-19,EUR/INR,0.0097573098,102.487265,975.73098,0.0097424107,0.001529,0.0098065,101.973181,980.6500000
2025-11-20,USD/INR,0.0113107984,88.411088,1131.07984,0.0112988894,0.001054,0.0112923,88.555919,1129.2300000
2025-11-20,EUR/INR,0.0098209491,101.823152,982.09491,0.0097547176,0.00679,0.0098143,101.892137,981.4300000
2025-11-21,USD/INR,0.0112847599,88.615088,1128.47599,0.0112723214,0.001103,0.0111727,89.50388,1117.2700000
2025-11-21,EUR/INR,0.0098119717,101.916315,981.19717,0.0097901003,0.002234,0.0097255,102.822477,972.5500000
2025-11-22,USD/INR,0.0112873074,88.595088,1128.73074,0.0111560020,0.01177,0.0111727,89.50388,1117.2700000
2025-11-22,EUR/INR,0.0098252926,101.778139,982.52926,0.0096840295,0.014587,0.0097255,102.822477,972.5500000
2025-11-23,USD/INR,0.0112873074,88.595088,1128.73074,0.0111560020,0.01177,0.0111727,89.50388,1117.2700000
2025-11-23,EUR/INR,0.0098252926,101.778139,982.52926,0.0096840295,0.014587,0.0097255,102.822477,972.5500000
2025-11-24,USD/INR,0.0112873074,88.595088,1128.73074,0.0111560020,0.01177,0.0112286,89.058298,1122.8600000
2025-11-24,EUR/INR,0.0098252926,101.778139,982.52926,0.0096840295,0.014587,0.0097632,102.425434,976.3200000
2025-11-25,USD/INR,0.0112299503,89.047589,1122.99503,0.0112171328,0.001143,0.0112304,89.044023,1123.0400000
2025-11-25,EUR/INR,0.0097643153,102.413735,976.43153,0.0097168510,0.004885,0.0097571,102.489469,975.7100000
2025-11-26,USD/INR,0.0112392272,88.974088,1123.92272,0.0112108298,0.002533,0.0112279,89.06385,1122.7900000
2025-11-26,EUR/INR,0.0097647402,102.409278,976.47402,0.0097055058,0.006103,0.0097245,102.833051,972.4500000
2025-11-27,USD/INR,0.0112194298,89.131089,1121.94298,0.0112107992,0.00077,0.0111988,89.295282,1119.8800000
2025-11-27,EUR/INR,0.0097171476,102.910858,971.71476,0.0096836825,0.003456,0.0096750,103.359173,967.5000000
2025-11-28,USD/INR,0.0112107511,89.200089,1121.07511,0.0111853951,0.002267,0.0111942,89.331975,1119.4200000
2025-11-28,EUR/INR,0.0096853045,103.249206,968.53045,0.0096542336,0.003218,0.0096894,103.205565,968.9400000
2025-11-29,USD/INR,0.0111986987,89.296089,1119.86987,0.0111759050,0.00204,0.0111942,89.331975,1119.4200000
2025-11-29,EUR/INR,0.0096933156,103.163875,969.33156,0.0096627227,0.003166,0.0096894,103.205565,968.9400000
2025-11-30,USD/INR,0.0111986987,89.296089,1119.86987,0.0111759050,0.00204,0.0111942,89.331975,1119.4200000
2025-11-30,EUR/INR,0.0096933156,103.163875,969.33156,0.0096627227,0.003166,0.0096894,103.205565,968.9400000
2025-12-01,USD/INR,0.0111986987,89.296089,1119.86987,0.0111759050,0.00204,0.0111746,89.488662,1117.4600000
2025-12-01,EUR/INR,0.0096933156,103.163875,969.33156,0.0096627227,0.003166,0.0096433,103.698941,964.3300000
2025-12-02,USD/INR,0.0111841074,89.412589,1118.41074,0.0111677629,0.001464,0.0111308,89.840802,1113.0800000
2025-12-02,EUR/INR,0.0096514465,103.611412,965.14465,0.0095893550,0.006475,0.0096038,104.12545,960.3800000
2025-12-03,USD/INR,0.0111491931,89.692589,1114.91931,0.0111170139,0.002895,0.0111039,90.058448,1110.3900000
2025-12-03,EUR/INR,0.0096196565,103.953815,961.96565,0.0095720802,0.00497,0.0095789,104.396121,957.8900000
2025-12-04,USD/INR,0.0111157316,89.962589,1111.57316,0.0110904641,0.002278,0.0111455,89.722309,1114.5500000
2025-12-04,EUR/INR,0.0095676712,104.518641,956.76712,0.0095050258,0.006591,0.0095662,104.534716,956.6200000
2025-12-05,USD/INR,0.0111271726,89.870089,1112.71726,0.0111271139,0.000005,0.0111144,89.973368,1111.4400000
2025-12-05,EUR/INR,0.0095594171,104.608888,955.94171,0.0095380712,0.002238,0.0095592,104.611265,955.9200000
2025-12-06,USD/INR,0.0111495038,89.690090,1114.95038,0.0111187496,0.002766,0.0111144,89.973368,1111.4400000
2025-12-06,EUR/INR,0.0095893117,104.282771,958.93117,0.0095480889,0.004317,0.0095592,104.611265,955.9200000
2025-12-07,USD/INR,0.0111495038,89.690090,1114.95038,0.0111187496,0.002766,0.0111144,89.973368,1111.4400000
2025-12-07,EUR/INR,0.0095893117,104.282771,958.93117,0.0095480889,0.004317,0.0095592,104.611265,955.9200000
2025-12-08,USD/INR,0.0111495038,89.690090,1114.95038,0.0111187496,0.002766,0.0111094,90.013862,1110.9400000
2025-12-08,EUR/INR,0.0095893117,104.282771,958.93117,0.0095480889,0.004317,0.0095647,104.55111,956.4700000
2025-12-09,USD/INR,0.0111164112,89.957089,1111.64112,0.0111058173,0.000954,0.0111337,89.817401,1113.3700000
2025-12-09,EUR/INR,0.0095707276,104.485264,957.07276,0.0095288008,0.0044,0.0095865,104.313357,958.6500000
2025-12-10,USD/INR,0.0111337386,89.817089,1113.37386,0.0111305595,0.000286,0.0111411,89.757744,1114.1100000
2025-12-10,EUR/INR,0.009586471,104.313672,958.6471,0.0095648015,0.002266,0.0095911,104.263327,959.1100000
2025-12-11,USD/INR,0.0111410571,89.758089,1114.10571,0.0111222859,0.001688,0.0111057,90.043851,1110.5700000
2025-12-11,EUR/INR,0.0095878192,104.299004,958.78192,0.0095601563,0.002894,0.0095369,104.855876,953.6900000
2025-12-12,USD/INR,0.0111178943,89.945089,1111.78943,0.0110717813,0.004165,0.0110516,90.484636,1105.1600000
2025-12-12,EUR/INR,0.0095179207,105.064964,951.79207,0.0094517512,0.007001,0.0094305,106.038916,943.0500000
2025-12-13,USD/INR,0.0110772528,90.275090,1107.72528,0.0110466074,0.002774,0.0110516,90.484636,1105.1600000
2025-12-13,EUR/INR,0.009452378,105.793483,945.2378,0.0094165949,0.0038,0.0094305,106.038916,943.0500000
2025-12-14,USD/INR,0.0110772528,90.275090,1107.72528,0.0110466074,0.002774,0.0110516,90.484636,1105.1600000
2025-12-14,EUR/INR,0.009452378,105.793483,945.2378,0.0094165949,0.0038,0.0094305,106.038916,943.0500000
2025-12-15,USD/INR,0.0110772528,90.275090,1107.72528,0.0110466074,0.002774,0.0110333,90.634715,1103.3300000
2025-12-15,EUR/INR,0.009452378,105.793483,945.2378,0.0094165949,0.0038,0.0094108,106.260892,941.0800000
2025-12-16,USD/INR,0.0110491023,90.505090,1104.91023,0.0110198494,0.002655,0.0110172,90.767164,1101.7200000
2025-12-16,EUR/INR,0.0094243357,106.108274,942.43357,0.0093762013,0.005134,0.0093867,106.533713,938.6700000
2025-12-17,USD/INR,0.0110253473,90.700090,1102.53473,0.0109985150,0.00244,0.0110737,90.304054,1107.3700000
2025-12-17,EUR/INR,0.0093960596,106.427592,939.60596,0.0093397715,0.006027,0.0094630,105.674733,946.3000000
2025-12-18,USD/INR,0.0111265535,89.875090,1112.65535,0.0110660593,0.005467,0.0111026,90.068993,1110.2600000
2025-12-18,EUR/INR,0.00950824,105.171935,950.824,0.0094404192,0.007184,0.0094797,105.48857,947.9700000
2025-12-19,USD/INR,0.0111064723,90.037590,1110.64723,0.0110788109,0.002497,0.0111811,89.436639,1118.1100000
2025-12-19,EUR/INR,0.0094829757,105.452131,948.29757,0.0094537170,0.003095,0.0095548,104.659438,955.4800000
2025-12-20,USD/INR,0.0112082381,89.220088,1120.82381,0.0111485522,0.005354,0.0111811,89.436639,1118.1100000
2025-12-20,EUR/INR,0.0095780438,104.405452,957.80438,0.0095189141,0.006212,0.0095548,104.659438,955.4800000
2025-12-21,USD/INR,0.0112082381,89.220088,1120.82381,0.0111485522,0.005354,0.0111811,89.436639,1118.1100000
2025-12-21,EUR/INR,0.0095780438,104.405452,957.80438,0.0095189141,0.006212,0.0095548,104.659438,955.4800000
2025-12-22,USD/INR,0.0112082381,89.220088,1120.82381,0.0111485522,0.005354,0.0111785,89.457441,1117.8500000
2025-12-22,EUR/INR,0.0095780438,104.405452,957.80438,0.0095189141,0.006212,0.0095518,104.692309,955.1800000
2025-12-23,USD/INR,0.0111803561,89.442589,1118.03561,0.0111549055,0.002282,0.0111737,89.49587,1117.3700000
2025-12-23,EUR/INR,0.0095534008,104.674766,955.34008,0.0094975781,0.005878,0.0095111,105.14031,951.1100000
2025-12-24,USD/INR,0.0111635065,89.577589,1116.35065,0.0111664941,-0.000268,0.0111386,89.77789,1113.8600000
2025-12-24,EUR/INR,0.0095008471,105.253772,950.08471,0.0094743714,0.002794,0.0094651,105.651287,946.5100000
2025-12-25,USD/INR,0.0111713009,89.515089,1117.13009,0.0111434122,0.002503,0.0111386,89.77789,1113.8600000
2025-12-25,EUR/INR,0.0094905188,105.368317,949.05188,0.0094539851,0.003864,0.0094651,105.651287,946.5100000
2025-12-26,USD/INR,0.0111713009,89.515089,1117.13009,0.0111434122,0.002503,0.0111520,89.670014,1115.2000000
2025-12-26,EUR/INR,0.0094905188,105.368317,949.05188,0.0094539851,0.003864,0.0094822,105.460758,948.2200000
2025-12-27,USD/INR,0.0111519906,89.670089,1115.19906,0.0111434122,0.00077,0.0111520,89.670014,1115.2000000
2025-12-27,EUR/INR,0.0094829757,105.452131,948.29757,0.0094539851,0.003066,0.0094822,105.460758,948.2200000
2025-12-28,USD/INR,0.0111519906,89.670089,1115.19906,0.0111434122,0.00077,0.0111520,89.670014,1115.2000000
2025-12-28,EUR/INR,0.0094829757,105.452131,948.29757,0.0094539851,0.003066,0.0094822,105.460758,948.2200000
2025-12-29,USD/INR,0.0111519906,89.670089,1115.19906,0.0111434122,0.00077,0.0111350,89.806915,1113.5000000
2025-12-29,EUR/INR,0.0094829757,105.452131,948.29757,0.0094539851,0.003066,0.0094750,105.540897,947.5000000
2025-12-30,USD/INR,0.0111380169,89.782589,1113.80169,0.0111235063,0.001304,0.0111509,89.67886,1115.0900000
2025-12-30,EUR/INR,0.0094807676,105.476691,948.07676,0.0094539404,0.002838,0.0094950,105.318589,949.5000000
2025-12-31,USD/INR,0.0111508714,89.679090,1115.08714,0.0111356317,0.001369,0.0111414,89.755327,1114.1400000
2025-12-31,EUR/INR,0.0094965596,105.301292,949.65596,0.0094714908,0.002647,0.0095072,105.18344,950.7200000
2026-01-01,USD/INR,0.0111456515,89.721089,1114.56515,0.0111272627,0.001653,0.0111414,89.755327,1114.1400000
2026-01-01,EUR/INR,0.0095107436,105.144249,951.07436,0.0094700108,0.004301,0.0095072,105.18344,950.7200000
2026-01-02,USD/INR,0.0111456515,89.721089,1114.56515,0.0111272627,0.001653,0.0111156,89.963655,1111.5600000
2026-01-02,EUR/INR,0.0095107436,105.144249,951.07436,0.0094700108,0.004301,0.0094908,105.365196,949.0800000
2026-01-03,USD/INR,0.0111285347,89.859089,1112.85347,0.0110869380,0.003752,0.0111156,89.963655,1111.5600000
2026-01-03,EUR/INR,0.0095018132,105.243070,950.18132,0.0094590376,0.004522,0.0094908,105.365196,949.0800000
2026-01-04,USD/INR,0.0111285347,89.859089,1112.85347,0.0110869380,0.003752,0.0111156,89.963655,1111.5600000
2026-01-04,EUR/INR,0.0095018132,105.243070,950.18132,0.0094590376,0.004522,0.0094908,105.365196,949.0800000
2026-01-05,USD/INR,0.0111285347,89.859089,1112.85347,0.0110869380,0.003752,0.0110986,90.101454,1109.8600000
2026-01-05,EUR/INR,0.0095018132,105.243070,950.18132,0.0094590376,0.004522,0.0095201,105.040913,952.0100000
2026-01-06,USD/INR,0.0111,90.090090,1110,0.0110752402,0.002236,0.0111059,90.04223,1110.5900000
2026-01-06,EUR/INR,0.0095213492,105.027132,952.13492,0.0094952334,0.00275,0.0095061,105.195611,950.6100000
2026-01-07,USD/INR,0.0111059172,90.042090,1110.59172,0.0110924242,0.001216,0.0111360,89.798851,1113.6000000
2026-01-07,EUR/INR,0.0095060397,105.196278,950.60397,0.0094750356,0.003272,0.0095416,104.804226,954.1600000
2026-01-08,USD/INR,0.0111377067,89.785090,1113.77067,0.0111293679,0.000749,0.0111363,89.796431,1113.6300000
2026-01-08,EUR/INR,0.0095430517,104.788282,954.30517,0.0095253064,0.001863,0.0095574,104.630967,955.7400000
2026-01-09,USD/INR,0.0111451546,89.725090,1114.51546,0.0111203185,0.002233,0.0110875,90.191657,1108.7500000
2026-01-09,EUR/INR,0.0095732207,104.458053,957.32207,0.0095248981,0.005073,0.0095442,104.775675,954.4200000
2026-01-10,USD/INR,0.0111321274,89.830089,1113.21274,0.0110840827,0.004335,0.0110875,90.191657,1108.7500000
2026-01-10,EUR/INR,0.0095826084,104.355720,958.26084,0.0095207719,0.006495,0.0095442,104.775675,954.4200000
2026-01-11,USD/INR,0.0111321274,89.830089,1113.21274,0.0110840827,0.004335,0.0110875,90.191657,1108.7500000
2026-01-11,EUR/INR,0.0095826084,104.355720,958.26084,0.0095207719,0.006495,0.0095442,104.775675,954.4200000
2026-01-12,USD/INR,0.0111321274,89.830089,1113.21274,0.0110840827,0.004335,0.0110984,90.103078,1109.8400000
2026-01-12,EUR/INR,0.0095826084,104.355720,958.26084,0.0095207719,0.006495,0.0095511,104.699982,955.1100000
2026-01-13,USD/INR,0.0110983985,90.103090,1109.83985,0.0110909798,0.000669,0.0110801,90.251893,1108.0100000
2026-01-13,EUR/INR,0.0095511079,104.699895,955.11079,0.0094859560,0.006868,0.0095247,104.990183,952.4700000
2026-01-14,USD/INR,0.0110919971,90.155090,1109.19971,0.0110834463,0.000771,0.0110924,90.151816,1109.2400000
2026-01-14,EUR/INR,0.0095349317,104.877521,953.49317,0.0095104225,0.002577,0.0095344,104.88337,953.4400000
2026-01-15,USD/INR,0.0111175853,89.947589,1111.75853,0.0110738529,0.003949,0.0110769,90.277966,1107.6900000
2026-01-15,EUR/INR,0.0095561064,104.645130,955.61064,0.0095046373,0.005415,0.0095556,104.650676,955.5600000
2026-01-16,USD/INR,0.0110902749,90.169090,1109.02749,0.0110741992,0.001452,0.0110379,90.596943,1103.7900000
2026-01-16,EUR/INR,0.0095671703,104.524114,956.71703,0.0095270124,0.004215,0.0095294,104.938401,952.9400000
2026-01-17,USD/INR,0.011072592,90.313090,1107.2592,0.0110221354,0.004578,0.0110379,90.596943,1103.7900000
2026-01-17,EUR/INR,0.0095593378,104.609756,955.93378,0.0094879361,0.007526,0.0095294,104.938401,952.9400000
2026-01-18,USD/INR,0.011072592,90.313090,1107.2592,0.0110221354,0.004578,0.0110379,90.596943,1103.7900000
2026-01-18,EUR/INR,0.0095593378,104.609756,955.93378,0.0094879361,0.007526,0.0095294,104.938401,952.9400000
2026-01-19,USD/INR,0.011072592,90.313090,1107.2592,0.0110221354,0.004578,0.0110176,90.763869,1101.7600000
2026-01-19,EUR/INR,0.0095593378,104.609756,955.93378,0.0094879361,0.007526,0.0095226,105.013337,952.2600000
2026-01-20,USD/INR,0.0110373704,90.601290,1103.73704,0.0110041487,0.003019,0.0109932,90.965324,1099.3200000
2026-01-20,EUR/INR,0.0095338683,104.889218,953.38683,0.0094610512,0.007697,0.0094517,105.801073,945.1700000
2026-01-21,USD/INR,0.0110055688,90.863091,1100.55688,0.0109939350,0.001058,0.0109297,91.49382,1092.9700000
2026-01-21,EUR/INR,0.0094622628,105.682966,946.22628,0.0093740919,0.009406,0.0093464,106.993067,934.6400000
2026-01-22,USD/INR,0.0109898454,90.993090,1098.98454,0.0109121331,0.007122,0.0109294,91.496331,1092.9400000
2026-01-22,EUR/INR,0.0094123282,106.243639,941.23282,0.0092956241,0.012555,0.0093670,106.757767,936.7000000
2026-01-23,USD/INR,0.0109334317,91.462591,1093.34317,0.0109181465,0.0014,0.0108974,91.765008,1089.7400000
2026-01-23,EUR/INR,0.0093704326,106.718658,937.04326,0.0093269661,0.00466,0.0092934,107.603245,929.3400000
2026-01-24,USD/INR,0.0109403096,91.405091,1094.03096,0.0108859304,0.004995,0.0108974,91.765008,1089.7400000
2026-01-24,EUR/INR,0.0093291538,107.190857,932.91538,0.0092709338,0.00628,0.0092934,107.603245,929.3400000
2026-01-25,USD/INR,0.0109403096,91.405091,1094.03096,0.0108859304,0.004995,0.0108974,91.765008,1089.7400000
2026-01-25,EUR/INR,0.0093291538,107.190857,932.91538,0.0092709338,0.00628,0.0092934,107.603245,929.3400000
2026-01-26,USD/INR,0.0109403096,91.405091,1094.03096,0.0108859304,0.004995,0.0109124,91.63887,1091.2400000
2026-01-26,EUR/INR,0.0093291538,107.190857,932.91538,0.0092709338,0.00628,0.0092236,108.417538,922.3600000
2026-01-27,USD/INR,0.010939412,91.412591,1093.9412,0.0108975569,0.003841,0.0109302,91.489634,1093.0200000
2026-01-27,EUR/INR,0.0092463875,108.150345,924.63875,0.0092071282,0.004264,0.0092245,108.40696,922.4500000
2026-01-28,USD/INR,0.0109116591,91.645091,1091.16591,0.0109151965,-0.000324,0.0108724,91.976013,1087.2400000
2026-01-28,EUR/INR,0.0092089191,108.590377,920.89191,0.0091501354,0.006424,0.0091227,109.616671,912.2700000
2026-01-29,USD/INR,0.0109277565,91.510091,1092.77565,0.0108762592,0.004735,0.0108947,91.78775,1089.4700000
2026-01-29,EUR/INR,0.0091868395,108.851362,918.68395,0.0090832296,0.011407,0.0091590,109.182225,915.9000000
2026-01-30,USD/INR,0.0108967963,91.770092,1089.67963,0.0108793077,0.001608,0.0108968,91.770061,1089.6800000
2026-01-30,EUR/INR,0.0091531167,109.252403,915.31167,0.0090903306,0.006907,0.0091794,108.939582,917.9400000
2026-01-31,USD/INR,0.0108884909,91.840091,1088.84909,0.0108767367,0.001081,0.0108968,91.770061,1089.6800000
2026-01-31,EUR/INR,0.0091916934,108.793881,919.16934,0.0091255447,0.007249,0.0091794,108.939582,917.9400000
2026-02-01,USD/INR,0.0108884909,91.840091,1088.84909,0.0108767367,0.001081,0.0108968,91.770061,1089.6800000
2026-02-01,EUR/INR,0.0091916934,108.793881,919.16934,0.0091255447,0.007249,0.0091794,108.939582,917.9400000
2026-02-02,USD/INR,0.0108884909,91.840091,1088.84909,0.0108767367,0.001081,0.0109559,91.275021,1095.5900000
2026-02-02,EUR/INR,0.0091916934,108.793881,919.16934,0.0091255447,0.007249,0.0092933,107.604403,929.3300000
2026-02-03,USD/INR,0.0109379163,91.425091,1093.79163,0.0109207966,0.001568,0.0110871,90.194911,1108.7100000
2026-02-03,EUR/INR,0.0092890916,107.653153,928.90916,0.0092236457,0.007095,0.0094158,106.204465,941.5800000
2026-02-04,USD/INR,0.0111093719,90.014089,1110.93719,0.0110941892,0.001369,0.0110792,90.259224,1107.9200000
2026-02-04,EUR/INR,0.0094314974,106.027702,943.14974,0.0094010586,0.003238,0.0093979,106.40675,939.7900000
2026-02-05,USD/INR,0.0110832687,90.226090,1108.32687,0.0110601873,0.002087,0.0110975,90.110385,1109.7500000
2026-02-05,EUR/INR,0.0094013552,106.367643,940.13552,0.0093571804,0.004721,0.0094206,106.150351,942.0600000
2026-02-06,USD/INR,0.011104314,90.055090,1110.4314,0.0110731515,0.002814,0.0110562,90.446989,1105.6200000
2026-02-06,EUR/INR,0.0094320079,106.021963,943.20079,0.0093856175,0.004943,0.0093983,106.402222,939.8300000
2026-02-07,USD/INR,0.0110903979,90.168090,1109.03979,0.0110300066,0.005475,0.0110562,90.446989,1105.6200000
2026-02-07,EUR/INR,0.0094273945,106.073846,942.73945,0.0093522186,0.008038,0.0093983,106.402222,939.8300000
2026-02-08,USD/INR,0.0110903979,90.168090,1109.03979,0.0110300066,0.005475,0.0110562,90.446989,1105.6200000
2026-02-08,EUR/INR,0.0094273945,106.073846,942.73945,0.0093522186,0.008038,0.0093983,106.402222,939.8300000
2026-02-09,USD/INR,0.0110903979,90.168090,1109.03979,0.0110300066,0.005475,0.0110189,90.75316,1101.8900000
2026-02-09,EUR/INR,0.0094273945,106.073846,942.73945,0.0093522186,0.008038,0.0093325,107.152424,933.2500000
2026-02-10,USD/INR,0.0110659142,90.367590,1106.59142,0.0110221398,0.003971,0.0110534,90.469901,1105.3400000
2026-02-10,EUR/INR,0.0093723241,106.697121,937.23241,0.0092732120,0.010688,0.0092979,107.551167,929.7900000
2026-02-11,USD/INR,0.0110542321,90.463090,1105.42321,0.0110448909,0.000846,0.0110358,90.614183,1103.5800000
2026-02-11,EUR/INR,0.0093002028,107.524536,930.02028,0.0092861030,0.001518,0.0093279,107.205266,932.7900000
2026-02-12,USD/INR,0.0110545987,90.460090,1105.45987,0.0110234689,0.002824,0.0110576,90.435538,1105.7600000
2026-02-12,EUR/INR,0.0093437475,107.023440,934.37475,0.0092634192,0.008672,0.0093306,107.174244,933.0600000
2026-02-13,USD/INR,0.0110637716,90.385090,1106.37716,0.0110389067,0.002252,0.0110544,90.461717,1105.4400000
2026-02-13,EUR/INR,0.009335719,107.115477,933.5719,0.0092967043,0.004197,0.0093325,107.152424,933.2500000
2026-02-14,USD/INR,0.0110375166,90.600090,1103.75166,0.0110363692,0.000104,0.0110544,90.461717,1105.4400000
2026-02-14,EUR/INR,0.0093182824,107.315914,931.82824,0.0093039700,0.001538,0.0093325,107.152424,933.2500000
2026-02-15,USD/INR,0.0110375166,90.600090,1103.75166,0.0110363692,0.000104,0.0110544,90.461717,1105.4400000
2026-02-15,EUR/INR,0.0093182824,107.315914,931.82824,0.0093039700,0.001538,0.0093325,107.152424,933.2500000
2026-02-16,USD/INR,0.0110375166,90.600090,1103.75166,0.0110363692,0.000104,0.0110165,90.772932,1101.6500000
2026-02-16,EUR/INR,0.0093182824,107.315914,931.82824,0.0093039700,0.001538,0.0093005,107.521101,930.0500000
2026-02-17,USD/INR,0.0110378211,90.597590,1103.78211,0.0110214991,0.001481,0.0110347,90.623216,1103.4700000
2026-02-17,EUR/INR,0.0093185395,107.312953,931.85395,0.0092969204,0.002325,0.0093483,106.971321,934.8300000
2026-02-18,USD/INR,0.0110391005,90.587090,1103.91005,0.0110259052,0.001197,0.0110271,90.685674,1102.7100000
2026-02-18,EUR/INR,0.0093519904,106.929108,935.19904,0.0093234443,0.003062,0.0093378,107.091606,933.7800000
2026-02-19,USD/INR,0.0110411726,90.570090,1104.11726,0.0110262974,0.001349,0.0109986,90.920663,1099.8600000
2026-02-19,EUR/INR,0.0093720071,106.700730,937.20071,0.0093088201,0.006788,0.0093677,106.749789,936.7700000
2026-02-20,USD/INR,0.011026563,90.690090,1102.6563,0.0109653583,0.005582,0.0110194,90.749043,1101.9400000
2026-02-20,EUR/INR,0.0093914931,106.479341,939.14931,0.0093298378,0.006608,0.0093846,106.557552,938.4600000
2026-02-21,USD/INR,0.0109995765,90.912591,1099.95765,0.0109956034,0.000361,0.0110194,90.749043,1101.9400000
2026-02-21,EUR/INR,0.0093677104,106.749670,936.77104,0.0093444408,0.00249,0.0093846,106.557552,938.4600000
2026-02-22,USD/INR,0.0109995765,90.912591,1099.95765,0.0109956034,0.000361,0.0110194,90.749043,1101.9400000
2026-02-22,EUR/INR,0.0093677104,106.749670,936.77104,0.0093444408,0.00249,0.0093846,106.557552,938.4600000
2026-02-23,USD/INR,0.0109995765,90.912591,1099.95765,0.0109956034,0.000361,0.0109955,90.946296,1099.5500000
2026-02-23,EUR/INR,0.0093677104,106.749670,936.77104,0.0093444408,0.00249,0.0093388,107.080139,933.8800000
2026-02-24,USD/INR,0.0110283871,90.675090,1102.83871,0.0110012603,0.002466,0.0110075,90.84715,1100.7500000
2026-02-24,EUR/INR,0.00936672,106.760957,936.672,0.0093357606,0.003316,0.0093561,106.882141,935.6100000
2026-02-25,USD/INR,0.0110075071,90.847091,1100.75071,0.0109976514,0.000896,0.0110075,90.84715,1100.7500000
2026-02-25,EUR/INR,0.0093561378,106.881709,935.61378,0.0093382453,0.001916,0.0093530,106.917567,935.3000000
2026-02-26,USD/INR,0.0110065379,90.855090,1100.65379,0.0109959223,0.000965,0.0109951,90.949605,1099.5100000
2026-02-26,EUR/INR,0.0093521343,106.927463,935.21343,0.0093312307,0.00224,0.0093337,107.138648,933.3700000
2026-02-27,USD/INR,0.0110130836,90.801090,1101.30836,0.0109978496,0.001385,0.0109937,90.961187,1099.3700000
2026-02-27,EUR/INR,0.0093545167,106.900231,935.45167,0.0093091667,0.004872,0.0093381,107.088166,933.8100000
2026-02-28,USD/INR,0.010999879,90.910090,1099.9879,0.0109793016,0.001874,0.0109937,90.961187,1099.3700000
2026-02-28,EUR/INR,0.009333787,107.137649,933.3787,0.0093005520,0.003573,0.0093381,107.088166,933.8100000
2026-03-01,USD/INR,0.010999879,90.910090,1099.9879,0.0109793016,0.001874,0.0109937,90.961187,1099.3700000
2026-03-01,EUR/INR,0.009333787,107.137649,933.3787,0.0093005520,0.003573,0.0093381,107.088166,933.8100000
2026-03-02,USD/INR,0.010999879,90.910090,1099.9879,0.0109793016,0.001874,0.0109346,91.452819,1093.4600000
2026-03-02,EUR/INR,0.009333787,107.137649,933.3787,0.0093005520,0.003573,0.0093690,106.734977,936.9000000
2026-03-03,USD/INR,0.0109694719,91.162091,1096.94719,0.0109004165,0.006335,0.0108753,91.951486,1087.5300000
2026-03-03,EUR/INR,0.0093989041,106.395382,939.89041,0.0093181882,0.008662,0.0094338,106.001823,943.3800000
2026-03-04,USD/INR,0.0109624973,91.220090,1096.24973,0.0108515462,0.010224,0.0108656,92.033574,1086.5600000
2026-03-04,EUR/INR,0.0095094434,105.158625,950.94434,0.0093499451,0.017059,0.0093887,106.511019,938.8700000
2026-03-05,USD/INR,0.0108710314,91.987591,1087.10314,0.0108597361,0.00104,0.0109098,91.660709,1090.9800000
2026-03-05,EUR/INR,0.0093934334,106.457347,939.34334,0.0093224621,0.007613,0.0094391,105.942304,943.9100000
2026-03-06,USD/INR,0.010950253,91.322090,1095.0253,0.0109112459,0.003575,0.0108999,91.743961,1089.9900000
2026-03-06,EUR/INR,0.0094741668,105.550178,947.41668,0.0093916732,0.008784,0.0094421,105.908643,944.2100000
2026-03-07,USD/INR,0.0109211926,91.565091,1092.11926,0.0108886785,0.002986,0.0108999,91.743961,1089.9900000
2026-03-07,EUR/INR,0.0094604831,105.702847,946.04831,0.0094184574,0.004462,0.0094421,105.908643,944.2100000
2026-03-08,USD/INR,0.0109211926,91.565091,1092.11926,0.0108886785,0.002986,0.0108999,91.743961,1089.9900000
2026-03-08,EUR/INR,0.0094604831,105.702847,946.04831,0.0094184574,0.004462,0.0094421,105.908643,944.2100000
2026-03-09,USD/INR,0.0109211926,91.565091,1092.11926,0.0108886785,0.002986,0.0108549,92.124294,1085.4900000
2026-03-09,EUR/INR,0.0094604831,105.702847,946.04831,0.0094184574,0.004462,0.0094350,105.988341,943.5000000
2026-03-10,USD/INR,0.0108576346,92.101091,1085.76346,0.0108345054,0.002135,0.0109039,91.710305,1090.3900000
2026-03-10,EUR/INR,0.0094373087,105.962412,943.73087,0.0093764651,0.006489,0.0094202,106.154859,942.0200000
2026-03-11,USD/INR,0.0109088023,91.669091,1090.88023,0.0108743578,0.003167,0.0108445,92.212642,1084.4500000
2026-03-11,EUR/INR,0.0094000788,106.382086,940.00788,0.0093414292,0.006278,0.0093786,106.625722,937.8600000
2026-03-12,USD/INR,0.0108896766,91.830091,1088.96766,0.0108610228,0.002638,0.0108312,92.325873,1083.1200000
2026-03-12,EUR/INR,0.009420941,106.146509,942.0941,0.0093783117,0.004546,0.0094102,106.267667,941.0200000
2026-03-13,USD/INR,0.0108648305,92.040092,1086.48305,0.0108448502,0.001842,0.0108176,92.441946,1081.7600000
2026-03-13,EUR/INR,0.0094411015,105.919844,944.11015,0.0093919201,0.005237,0.0094634,105.670267,946.3400000
2026-03-14,USD/INR,0.0108422131,92.232092,1084.22131,0.0108243217,0.001653,0.0108176,92.441946,1081.7600000
2026-03-14,EUR/INR,0.0095023683,105.236922,950.23683,0.0094321381,0.007446,0.0094634,105.670267,946.3400000
2026-03-15,USD/INR,0.0108422131,92.232092,1084.22131,0.0108243217,0.001653,0.0108176,92.441946,1081.7600000
2026-03-15,EUR/INR,0.0095023683,105.236922,950.23683,0.0094321381,0.007446,0.0094634,105.670267,946.3400000
2026-03-16,USD/INR,0.0108422131,92.232092,1084.22131,0.0108243217,0.001653,0.0108532,92.138724,1085.3200000
2026-03-16,EUR/INR,0.0095023683,105.236922,950.23683,0.0094321381,0.007446,0.0095120,105.130362,951.2000000
2026-03-17,USD/INR,0.0108330517,92.310092,1083.30517,0.0108403899,-0.000677,0.0108371,92.275609,1083.7100000
2026-03-17,EUR/INR,0.009494339,105.325921,949.4339,0.0094444938,0.005278,0.0094523,105.794357,945.2300000
2026-03-18,USD/INR,0.0108260149,92.370092,1082.60149,0.0108266709,-0.000061,0.0107749,92.808286,1077.4900000
2026-03-18,EUR/INR,0.0094426551,105.902417,944.26551,0.0093891865,0.005695,0.0093777,106.635956,937.7700000
2026-03-19,USD/INR,0.010831409,92.324091,1083.1409,0.0107647665,0.006191,0.0107456,93.061346,1074.5600000
2026-03-19,EUR/INR,0.009461389,105.692726,946.1389,0.0093606665,0.01076,0.0093914,106.480397,939.1400000
2026-03-20,USD/INR,0.0108225,92.400092,1082.25,0.0107240533,0.00918,0.0106884,93.559373,1068.8400000
2026-03-20,EUR/INR,0.0094585642,105.724291,945.85642,0.0093341921,0.013324,0.0092854,107.695953,928.5400000
2026-03-21,USD/INR,0.0107724849,92.829092,1077.24849,0.0106817657,0.008493,0.0106884,93.559373,1068.8400000
2026-03-21,EUR/INR,0.0093478602,106.976353,934.78602,0.0092442801,0.011205,0.0092854,107.695953,928.5400000
2026-03-22,USD/INR,0.0107724849,92.829092,1077.24849,0.0106817657,0.008493,0.0106884,93.559373,1068.8400000
2026-03-22,EUR/INR,0.0093478602,106.976353,934.78602,0.0092442801,0.011205,0.0092854,107.695953,928.5400000
2026-03-23,USD/INR,0.0107724849,92.829092,1077.24849,0.0106817657,0.008493,0.0107579,92.954945,1075.7900000
2026-03-23,EUR/INR,0.0093478602,106.976353,934.78602,0.0092442801,0.011205,0.0093685,106.740674,936.8500000
2026-03-24,USD/INR,0.0106604019,93.805093,1066.04019,0.0107272038,-0.006227,0.0106595,93.813031,1065.9500000
2026-03-24,EUR/INR,0.0092836291,107.716496,928.36291,0.0092507794,0.003551,0.0092162,108.50459,921.6200000
2026-03-25,USD/INR,0.0106826087,93.610093,1068.26087,0.0106559113,0.002505,0.0106645,93.769047,1066.4500000
2026-03-25,EUR/INR,0.0092450004,108.166571,924.50004,0.0092083575,0.003979,0.0092293,108.350579,922.9300000
2026-03-26,USD/INR,0.0106552904,93.850093,1065.52904,0.0106445792,0.001006,0.0106333,94.044182,1063.3300000
2026-03-26,EUR/INR,0.0092221566,108.434506,922.21566,0.0091826943,0.004297,0.0092295,108.348231,922.9500000
2026-03-27,USD/INR,0.0106621068,93.790094,1066.21068,0.0106247899,0.003512,0.0105736,94.575168,1057.3600000
2026-03-27,EUR/INR,0.0092560953,108.036917,925.60953,0.0092077216,0.005254,0.0091936,108.771319,919.3600000
2026-03-28,USD/INR,0.0106257398,94.111094,1062.57398,0.0105472345,0.007443,0.0105736,94.575168,1057.3600000
2026-03-28,EUR/INR,0.0092389611,108.237277,923.89611,0.0091579704,0.008844,0.0091936,108.771319,919.3600000
2026-03-29,USD/INR,0.0106257398,94.111094,1062.57398,0.0105472345,0.007443,0.0105736,94.575168,1057.3600000
2026-03-29,EUR/INR,0.0092389611,108.237277,923.89611,0.0091579704,0.008844,0.0091936,108.771319,919.3600000
2026-03-30,USD/INR,0.0106257398,94.111094,1062.57398,0.0105472345,0.007443,0.0106079,94.269365,1060.7900000
2026-03-30,EUR/INR,0.0092389611,108.237277,923.89611,0.0091579704,0.008844,0.0092710,107.863229,927.1000000
2026-03-31,USD/INR,0.0106997539,93.460093,1069.97539,0.0105581942,0.013408,0.0106668,93.748828,1066.6800000
2026-03-31,EUR/INR,0.0093512875,106.937146,935.12875,0.0091938298,0.017126,0.0093192,107.305348,931.9200000
2026-04-01,USD/INR,0.0107053666,93.411093,1070.53666,0.0106582572,0.00442,0.0107406,93.104668,1074.0600000
2026-04-01,EUR/INR,0.0093529232,106.918444,935.29232,0.0092696619,0.008982,0.0093291,107.191476,932.9100000
2026-04-02,USD/INR,0.0106997539,93.460093,1069.97539,0.0107033498,-0.000336,0.0107707,92.844476,1077.0700000
2026-04-02,EUR/INR,0.0092686618,107.890440,926.86618,0.0092230502,0.004945,0.0093593,106.845597,935.9300000
2026-04-03,USD/INR,0.0107771288,92.789092,1077.71288,0.0107409133,0.003372,0.0108007,92.586592,1080.0700000
2026-04-03,EUR/INR,0.0093648922,106.781795,936.48922,0.0093196645,0.004853,0.0093772,106.641641,937.7200000
2026-04-04,USD/INR,0.0107746902,92.810093,1077.46902,0.0107409133,0.003145,0.0108007,92.586592,1080.0700000
2026-04-04,EUR/INR,0.00935952,106.843085,935.952,0.0093196645,0.004276,0.0093772,106.641641,937.7200000
2026-04-05,USD/INR,0.0107746902,92.810093,1077.46902,0.0107409133,0.003145,0.0108007,92.586592,1080.0700000
2026-04-05,EUR/INR,0.00935952,106.843085,935.952,0.0093196645,0.004276,0.0093772,106.641641,937.7200000
2026-04-06,USD/INR,0.0107746902,92.810093,1077.46902,0.0107409133,0.003145,0.0107624,92.916078,1076.2400000
2026-04-06,EUR/INR,0.00935952,106.843085,935.952,0.0093196645,0.004276,0.0093553,106.891281,935.5300000
2026-04-07,USD/INR,0.010779336,92.770092,1077.9336,0.0107409133,0.003577,0.0107716,92.836719,1077.1600000
2026-04-07,EUR/INR,0.0093700671,106.722821,937.00671,0.0093196645,0.005408,0.0093487,106.966744,934.8700000
2026-04-08,USD/INR,0.010779336,92.770092,1077.9336,0.0107409133,0.003577,0.0108448,92.210091,1084.4800000
2026-04-08,EUR/INR,0.0093700671,106.722821,937.00671,0.0093196645,0.005408,0.0093773,106.640504,937.7300000
2026-04-09,USD/INR,0.010817817,92.440092,1081.7817,0.0108435777,-0.002376,0.0108306,92.330988,1083.0600000
2026-04-09,EUR/INR,0.0093377697,107.091953,933.77697,0.0092632648,0.008043,0.0093030,107.492207,930.3000000
2026-04-10,USD/INR,0.0108072949,92.530092,1080.72949,0.0107920845,0.001409,0.0107498,93.024987,1074.9800000
2026-04-10,EUR/INR,0.0092774351,107.788412,927.74351,0.0092358447,0.004503,0.0092067,108.616551,920.6700000
2026-04-11,USD/INR,0.0108220315,92.404092,1082.20315,0.0107658153,0.005222,0.0107498,93.024987,1074.9800000
2026-04-11,EUR/INR,0.0092686029,107.891125,926.86029,0.0091929086,0.008234,0.0092067,108.616551,920.6700000
2026-04-12,USD/INR,0.0108220315,92.404092,1082.20315,0.0107658153,0.005222,0.0107498,93.024987,1074.9800000
2026-04-12,EUR/INR,0.0092686029,107.891125,926.86029,0.0091929086,0.008234,0.0092067,108.616551,920.6700000
2026-04-13,USD/INR,0.0108220315,92.404092,1082.20315,0.0107658153,0.005222,0.0107119,93.35412,1071.1900000
2026-04-13,EUR/INR,0.0092686029,107.891125,926.86029,0.0091929086,0.008234,0.0091861,108.860126,918.6100000
2026-04-14,USD/INR,0.0107238499,93.250092,1072.38499,0.0107146460,0.000859,0.0107518,93.007682,1075.1800000
2026-04-14,EUR/INR,0.0091963289,108.739042,919.63289,0.0091703577,0.002832,0.0091848,108.875533,918.4800000
2026-04-15,USD/INR,0.0107238499,93.250092,1072.38499,0.0107427364,-0.001758,0.0107367,93.138488,1073.6700000
2026-04-15,EUR/INR,0.0091266716,109.568969,912.66716,0.0091094178,0.001894,0.0091213,109.633495,912.1300000
2026-04-16,USD/INR,0.0107459756,93.058093,1074.59756,0.0107023290,0.004078,0.0107543,92.986061,1075.4300000
2026-04-16,EUR/INR,0.009129186,109.538791,912.9186,0.0090851689,0.004845,0.0091402,109.406796,914.0200000
2026-04-17,USD/INR,0.0107336339,93.165092,1073.36339,0.0107246073,0.000842,0.0108162,92.453912,1081.6200000
2026-04-17,EUR/INR,0.0091225762,109.618158,912.25762,0.0091025355,0.002202,0.0091920,108.790252,919.2000000
2026-04-18,USD/INR,0.0107927149,92.655092,1079.27149,0.0107732700,0.001805,0.0108162,92.453912,1081.6200000
2026-04-18,EUR/INR,0.0091774695,108.962497,917.74695,0.0091322116,0.004956,0.0091920,108.790252,919.2000000
2026-04-19,USD/INR,0.0107927149,92.655092,1079.27149,0.0107732700,0.001805,0.0108162,92.453912,1081.6200000
2026-04-19,EUR/INR,0.0091774695,108.962497,917.74695,0.0091322116,0.004956,0.0091920,108.790252,919.2000000
2026-04-20,USD/INR,0.0107927149,92.655092,1079.27149,0.0107732700,0.001805,0.0107507,93.017199,1075.0700000
2026-04-20,EUR/INR,0.0091774695,108.962497,917.74695,0.0091322116,0.004956,0.0091682,109.072664,916.8200000
2026-04-21,USD/INR,0.0107880576,92.695092,1078.80576,0.0107443868,0.004065,0.0107096,93.374169,1070.9600000
2026-04-21,EUR/INR,0.0092001081,108.694375,920.01081,0.0091363834,0.006975,0.0091223,109.621477,912.2300000
2026-04-22,USD/INR,0.0107244249,93.245093,1072.44249,0.0106945991,0.002789,0.0106699,93.721591,1066.9900000
2026-04-22,EUR/INR,0.0091520858,109.264709,915.20858,0.0090886369,0.006981,0.0091103,109.765869,911.0300000
2026-04-23,USD/INR,0.0106766208,93.662594,1067.66208,0.0106605004,0.001512,0.0106318,94.05745,1063.1800000
2026-04-23,EUR/INR,0.0091237482,109.604076,912.37482,0.0090859118,0.004164,0.0091033,109.850274,910.3300000
2026-04-24,USD/INR,0.0106405512,93.980093,1064.05512,0.0106258859,0.00138,0.0106175,94.18413,1061.7500000
2026-04-24,EUR/INR,0.0091194211,109.656083,911.94211,0.0090866136,0.003611,0.0090997,109.893733,909.9700000
2026-04-25,USD/INR,0.0106269819,94.100094,1062.69819,0.0106098008,0.001619,0.0106175,94.18413,1061.7500000
2026-04-25,EUR/INR,0.0091054505,109.824329,910.54505,0.0090589147,0.005137,0.0090997,109.893733,909.9700000
2026-04-26,USD/INR,0.0106269819,94.100094,1062.69819,0.0106098008,0.001619,0.0106175,94.18413,1061.7500000
2026-04-26,EUR/INR,0.0091054505,109.824329,910.54505,0.0090589147,0.005137,0.0090997,109.893733,909.9700000
2026-04-27,USD/INR,0.0106269819,94.100094,1062.69819,0.0106098008,0.001619,0.0106274,94.096392,1062.7400000
2026-04-27,EUR/INR,0.0091054505,109.824329,910.54505,0.0090589147,0.005137,0.0090934,109.969868,909.3400000
2026-04-28,USD/INR,0.0106274111,94.096294,1062.74111,0.0106158148,0.001092,0.0105821,94.499201,1058.2100000
2026-04-28,EUR/INR,0.009093352,109.970448,909.3352,0.0090355050,0.006402,0.0090632,110.336305,906.3200000
2026-04-29,USD/INR,0.0105996661,94.342594,1059.96661,0.0105772191,0.002122,0.0105430,94.849663,1054.3000000
2026-04-29,EUR/INR,0.0090781565,110.154523,907.81565,0.0090558383,0.002465,0.0090250,110.803324,902.5000000
2026-04-30,USD/INR,0.0105604879,94.692594,1056.04879,0.0105429540,0.001663,0.0105441,94.839768,1054.4100000
2026-04-30,EUR/INR,0.0090570132,110.411675,905.70132,0.0090064531,0.005614,0.0090476,110.526548,904.7600000
2026-05-01,USD/INR,0.0105440637,94.840094,1054.40637,0.0105357456,0.00079,0.0105374,94.90007,1053.7400000
2026-05-01,EUR/INR,0.0090475829,110.526757,904.75829,0.0090033718,0.004911,0.0089933,111.193889,899.3300000
2026-05-02,USD/INR,0.0105393408,94.882594,1053.93408,0.0105357456,0.000341,0.0105374,94.90007,1053.7400000
2026-05-02,EUR/INR,0.0089979768,111.136094,899.79768,0.0090033718,-0.000599,0.0089933,111.193889,899.3300000
2026-05-03,USD/INR,0.0105393408,94.882594,1053.93408,0.0105357456,0.000341,0.0105374,94.90007,1053.7400000
2026-05-03,EUR/INR,0.0089979768,111.136094,899.79768,0.0090033718,-0.000599,0.0089933,111.193889,899.3300000
2026-05-04,USD/INR,0.0105393408,94.882594,1053.93408,0.0105357456,0.000341,0.0105168,95.085958,1051.6800000
2026-05-04,EUR/INR,0.0089979768,111.136094,899.79768,0.0090033718,-0.000599,0.0089979,111.137043,899.7900000
2026-05-05,USD/INR,0.0105474001,94.810094,1054.74001,0.0105160505,0.002981,0.0105059,95.184611,1050.5900000
2026-05-05,EUR/INR,0.0090302992,110.738302,903.02992,0.0089880773,0.004698,0.0089986,111.128398,899.8600000
2026-05-06,USD/INR,0.0105063984,95.180095,1050.63984,0.0104948361,0.001102,0.0105754,94.559071,1057.5400000
2026-05-06,EUR/INR,0.0089990474,111.122872,899.90474,0.0089806915,0.002044,0.0090473,110.530213,904.7300000
2026-05-07,USD/INR,0.010576404,94.550094,1057.6404,0.0105691166,0.000689,0.0106265,94.104362,1062.6500000
2026-05-07,EUR/INR,0.0090481593,110.519716,904.81593,0.0089858159,0.006938,0.0090515,110.478926,905.1500000
2026-05-08,USD/INR,0.010632349,94.052593,1063.2349,0.0106095296,0.002151,0.0106024,94.318268,1060.2400000
2026-05-08,EUR/INR,0.009071187,110.239156,907.1187,0.0090140439,0.006339,0.0090464,110.54121,904.6400000
2026-05-09,USD/INR,0.010610069,94.250093,1061.0069,0.0105832437,0.002535,0.0106024,94.318268,1060.2400000
2026-05-09,EUR/INR,0.0090529508,110.461221,905.29508,0.0089985917,0.006041,0.0090464,110.54121,904.6400000
2026-05-10,USD/INR,0.010610069,94.250093,1061.0069,0.0105832437,0.002535,0.0106024,94.318268,1060.2400000
2026-05-10,EUR/INR,0.0090529508,110.461221,905.29508,0.0089985917,0.006041,0.0090464,110.54121,904.6400000
2026-05-11,USD/INR,0.010610069,94.250093,1061.0069,0.0105832437,0.002535,0.0104921,95.309805,1049.2100000
2026-05-11,EUR/INR,0.0090529508,110.461221,905.29508,0.0089985917,0.006041,0.0089325,111.950742,893.2500000
2026-05-12,USD/INR,0.0105423963,94.855094,1054.23963,0.0104914904,0.004852,0.0104700,95.510984,1047.0000000
2026-05-12,EUR/INR,0.0089775915,111.388449,897.75915,0.0089175439,0.006734,0.0089327,111.948235,893.2700000
2026-05-13,USD/INR,0.0104794236,95.425095,1047.94236,0.0104562238,0.002219,0.0104597,95.605036,1045.9700000
2026-05-13,EUR/INR,0.0089407159,111.847866,894.07159,0.0089080114,0.003671,0.0089437,111.810548,894.3700000
2026-05-14,USD/INR,0.0104698233,95.512595,1046.98233,0.0104524207,0.001665,0.0104555,95.643441,1045.5500000
2026-05-14,EUR/INR,0.0089523838,111.702092,895.23838,0.0089222542,0.003377,0.0089586,111.624584,895.8600000
2026-05-15,USD/INR,0.0104632504,95.572595,1046.32504,0.0104419212,0.002043,0.0104319,95.859815,1043.1900000
2026-05-15,EUR/INR,0.0089697728,111.485543,896.97728,0.0089231936,0.00522,0.0089798,111.361055,897.9800000
2026-05-16,USD/INR,0.0104364965,95.817595,1043.64965,0.0104199150,0.001591,0.0104319,95.859815,1043.1900000
2026-05-16,EUR/INR,0.0089845782,111.301830,898.45782,0.0089610553,0.002625,0.0089798,111.361055,897.9800000
2026-05-17,USD/INR,0.0104364965,95.817595,1043.64965,0.0104199150,0.001591,0.0104319,95.859815,1043.1900000
2026-05-17,EUR/INR,0.0089845782,111.301830,898.45782,0.0089610553,0.002625,0.0089798,111.361055,897.9800000
2026-05-18,USD/INR,0.0104364965,95.817595,1043.64965,0.0104199150,0.001591,0.0103839,96.30293,1038.3900000
2026-05-18,EUR/INR,0.0089845782,111.301830,898.45782,0.0089610553,0.002625,0.0089463,111.778053,894.6300000
2026-05-19,USD/INR,0.0104052755,96.105095,1040.52755,0.0103788253,0.002548,0.0103681,96.449687,1036.8100000
2026-05-19,EUR/INR,0.0089646464,111.549296,896.46464,0.0089103926,0.006089,0.0089449,111.795548,894.4900000
2026-05-20,USD/INR,0.0103874416,96.270095,1038.74416,0.0103582141,0.002822,0.0103397,96.714605,1033.9700000
2026-05-20,EUR/INR,0.008961635,111.586780,896.1635,0.0089141258,0.00533,0.0089273,112.015951,892.7300000
2026-05-21,USD/INR,0.0103396474,96.715096,1033.96474,0.0103279112,0.001136,0.0104101,96.060557,1041.0100000
2026-05-21,EUR/INR,0.008927333,112.015537,892.7333,0.0089033717,0.002691,0.0089936,111.19018,899.3600000
2026-05-22,USD/INR,0.0104144866,96.020095,1041.44866,0.0103944403,0.001929,0.0104515,95.680046,1045.1500000
2026-05-22,EUR/INR,0.0089973876,111.143372,899.73876,0.0089614969,0.004005,0.0090231,110.826656,902.3100000
2026-05-23,USD/INR,0.010452587,95.670095,1045.2587,0.0104498529,0.000262,0.0104515,95.680046,1045.1500000
2026-05-23,EUR/INR,0.0090209516,110.853050,902.09516,0.0090123785,0.000951,0.0090231,110.826656,902.3100000
2026-05-24,USD/INR,0.010452587,95.670095,1045.2587,0.0104498529,0.000262,0.0104515,95.680046,1045.1500000
2026-05-24,EUR/INR,0.0090209516,110.853050,902.09516,0.0090123785,0.000951,0.0090231,110.826656,902.3100000
2026-05-25,USD/INR,0.010452587,95.670095,1045.2587,0.0104498529,0.000262,0.0105140,95.11128,1051.4000000
2026-05-25,EUR/INR,0.0090209516,110.853050,902.09516,0.0090123785,0.000951,0.0090420,110.595001,904.2000000
2026-05-26,USD/INR,0.010452587,95.670095,1045.2587,0.0104998783,-0.004504,0.0104515,95.680046,1045.1500000
2026-05-26,EUR/INR,0.0090209516,110.853050,902.09516,0.0090181897,0.000306,0.0089983,111.132103,899.8300000
2026-05-27,USD/INR,0.0104906921,95.322595,1049.06921,0.0104509522,0.003803,0.0104548,95.649845,1045.4800000
2026-05-27,EUR/INR,0.0090320117,110.717305,903.20117,0.0089831117,0.005444,0.0089980,111.135808,899.8000000
2026-05-28,USD/INR,0.0104547726,95.650095,1045.47726,0.0104494231,0.000512,0.0104508,95.686455,1045.0800000
2026-05-28,EUR/INR,0.008999537,111.116827,899.9537,0.0089794819,0.002233,0.0090218,110.842626,902.1800000
2026-05-29,USD/INR,0.0104547726,95.650095,1045.47726,0.0104497146,0.000484,0.0105316,94.952334,1053.1600000
2026-05-29,EUR/INR,0.0090251745,110.801181,902.51745,0.0089951921,0.003333,0.0090618,110.353351,906.1800000
2026-05-30,USD/INR,0.010532403,94.945094,1053.2403,0.0105261731,0.000592,0.0105316,94.952334,1053.1600000
2026-05-30,EUR/INR,0.0090624612,110.345300,906.24612,0.0090399975,0.002485,0.0090618,110.353351,906.1800000
2026-05-31,USD/INR,0.010532403,94.945094,1053.2403,0.0105261731,0.000592,0.0105316,94.952334,1053.1600000
2026-05-31,EUR/INR,0.0090624612,110.345300,906.24612,0.0090399975,0.002485,0.0090618,110.353351,906.1800000
2026-06-01,USD/INR,0.010532403,94.945094,1053.2403,0.0105261731,0.000592,0.0105327,94.942417,1053.2700000
2026-06-01,EUR/INR,0.0090624612,110.345300,906.24612,0.0090399975,0.002485,0.0090752,110.190409,907.5200000
2026-06-02,USD/INR,0.0105568646,94.725094,1055.68646,0.0105270770,0.00283,0.0104990,95.247166,1049.9000000
2026-06-02,EUR/INR,0.0090960314,109.938054,909.60314,0.0090392212,0.006285,0.0090384,110.639051,903.8400000
2026-06-03,USD/INR,0.0105246435,95.015094,1052.46435,0.0104960603,0.002723,0.0104586,95.615092,1045.8600000
2026-06-03,EUR/INR,0.0090628029,110.341139,906.28029,0.0090102672,0.005831,0.0090207,110.856142,902.0700000
2026-06-04,USD/INR,0.0104832687,95.390095,1048.32687,0.0104482379,0.003353,0.0104406,95.779936,1044.0600000
2026-06-04,EUR/INR,0.0090419684,110.595387,904.19684,0.0089962441,0.005083,0.0090067,111.028457,900.6700000
2026-06-05,USD/INR,0.0104616085,95.587595,1046.16085,0.0104399769,0.002072,0.0105391,94.884762,1053.9100000
2026-06-05,EUR/INR,0.009024843,110.805251,902.4843,0.0089690523,0.00622,0.0091398,109.411584,913.9800000
2026-06-06,USD/INR,0.0105390631,94.885094,1053.90631,0.0105318875,0.000681,0.0105391,94.884762,1053.9100000
2026-06-06,EUR/INR,0.0091516608,109.269784,915.16608,0.0090480133,0.011455,0.0091398,109.411584,913.9800000
2026-06-07,USD/INR,0.0105390631,94.885094,1053.90631,0.0105318875,0.000681,0.0105391,94.884762,1053.9100000
2026-06-07,EUR/INR,0.0091516608,109.269784,915.16608,0.0090480133,0.011455,0.0091398,109.411584,913.9800000
2026-06-08,USD/INR,0.0105390631,94.885094,1053.90631,0.0105318875,0.000681,0.0104501,95.692864,1045.0100000
2026-06-08,EUR/INR,0.0091516608,109.269784,915.16608,0.0090480133,0.011455,0.0090879,110.036422,908.7900000
2026-06-09,USD/INR,0.0105094349,95.152594,1050.94349,0.0104484031,0.005841,0.0105008,95.23084,1050.0800000
2026-06-09,EUR/INR,0.0091394246,109.416078,913.94246,0.0090540755,0.009427,0.0091113,109.753822,911.1300000
2026-06-10,USD/INR,0.0105011578,95.227594,1050.11578,0.0104875872,0.001294,0.0105112,95.136616,1051.1200000
2026-06-10,EUR/INR,0.0091116245,109.749913,911.16245,0.0090621163,0.005463,0.0091188,109.663552,911.8800000
2026-06-11,USD/INR,0.010519108,95.065094,1051.9108,0.0104969184,0.002114,0.0104428,95.759758,1044.2800000
2026-06-11,EUR/INR,0.0091232415,109.610164,912.32415,0.0090969048,0.002895,0.0090704,110.248721,907.0400000
2026-06-12,USD/INR,0.0104722903,95.490095,1047.22903,0.0104422360,0.002878,0.0105304,94.963154,1053.0400000
2026-06-12,EUR/INR,0.0091047468,109.832818,910.47468,0.0090510843,0.005929,0.0091553,109.22635,915.5300000
2026-06-13,USD/INR,0.0105326803,94.942595,1053.26803,0.0105135908,0.001816,0.0105304,94.963154,1053.0400000
2026-06-13,EUR/INR,0.0091152486,109.706278,911.52486,0.0090892978,0.002855,0.0091553,109.22635,915.5300000
2026-06-14,USD/INR,0.0105326803,94.942595,1053.26803,0.0105135908,0.001816,0.0105304,94.963154,1053.0400000
2026-06-14,EUR/INR,0.0091152486,109.706278,911.52486,0.0090892978,0.002855,0.0091553,109.22635,915.5300000
2026-06-15,USD/INR,0.0105326803,94.942595,1053.26803,0.0105135908,0.001816,0.0105655,94.647674,1056.5500000
2026-06-15,EUR/INR,0.0091152486,109.706278,911.52486,0.0090892978,0.002855,0.0091350,109.469075,913.5000000
2026-06-16,USD/INR,0.0105884427,94.442594,1058.84427,0.0105580090,0.002883,0.0105691,94.615436,1056.9100000
2026-06-16,EUR/INR,0.0091547917,109.232414,915.47917,0.0090962428,0.006437,0.0091326,109.497843,913.2600000
2026-06-17,USD/INR,0.0105842401,94.480094,1058.42401,0.0105752348,0.000852,0.0105871,94.454572,1058.7100000
2026-06-17,EUR/INR,0.009145623,109.341922,914.5623,0.0091212996,0.002667,0.0091433,109.369702,914.3300000
2026-06-18,USD/INR,0.0106064116,94.282594,1060.64116,0.0105781911,0.002668,0.0106140,94.215187,1061.4000000
2026-06-18,EUR/INR,0.0092414402,108.208242,924.14402,0.0091262109,0.012626,0.0092675,107.903965,926.7500000
2026-06-19,USD/INR,0.0106204923,94.157593,1062.04923,0.0106007002,0.001867,0.0106154,94.202762,1061.5400000
2026-06-19,EUR/INR,0.0092755298,107.810553,927.55298,0.0092493676,0.002829,0.0092987,107.541914,929.8700000
2026-06-20,USD/INR,0.0106157006,94.200094,1061.57006,0.0106011510,0.001372,0.0106154,94.202762,1061.5400000
2026-06-20,EUR/INR,0.0092989576,107.538935,929.89576,0.0092449211,0.005845,0.0092987,107.541914,929.8700000
2026-06-21,USD/INR,0.0106157006,94.200094,1061.57006,0.0106011510,0.001372,0.0106154,94.202762,1061.5400000
2026-06-21,EUR/INR,0.0092989576,107.538935,929.89576,0.0092449211,0.005845,0.0092987,107.541914,929.8700000
2026-06-22,USD/INR,0.0106157006,94.200094,1061.57006,0.0106011510,0.001372,0.0105703,94.604694,1057.0300000
2026-06-22,EUR/INR,0.0092989576,107.538935,929.89576,0.0092449211,0.005845,0.0092519,108.085907,925.1900000
2026-06-23,USD/INR,0.0106111948,94.240094,1061.11948,0.0105611535,0.004738,0.0105675,94.629761,1056.7500000
2026-06-23,EUR/INR,0.0092933826,107.603446,929.33826,0.0092188840,0.008081,0.0092909,107.632199,929.0900000
2026-06-24,USD/INR,0.0105674627,94.630095,1056.74627,0.0105551849,0.001163,0.0105714,94.59485,1057.1400000
2026-06-24,EUR/INR,0.0092908846,107.632377,929.08846,0.0092654362,0.002747,0.0093354,107.119138,933.5400000
2026-06-25,USD/INR,0.0105713727,94.595094,1057.13727,0.0105625440,0.000836,0.0106101,94.249819,1061.0100000
2026-06-25,EUR/INR,0.0093353604,107.119592,933.53604,0.0093144127,0.002249,0.0093621,106.813642,936.2100000
2026-06-26,USD/INR,0.0106233129,94.132593,1062.33129,0.0105937131,0.002794,0.0106044,94.300479,1060.4400000
2026-06-26,EUR/INR,0.0093737777,106.680575,937.37777,0.0093402513,0.003589,0.0093406,107.059504,934.0600000
2026-06-27,USD/INR,0.0106043758,94.300694,1060.43758,0.0105927223,0.0011,0.0106044,94.300479,1060.4400000
2026-06-27,EUR/INR,0.0093405842,107.059684,934.05842,0.0092910467,0.005332,0.0093406,107.059504,934.0600000
2026-06-28,USD/INR,0.0106043758,94.300694,1060.43758,0.0105927223,0.0011,0.0106044,94.300479,1060.4400000
2026-06-28,EUR/INR,0.0093405842,107.059684,934.05842,0.0092910467,0.005332,0.0093406,107.059504,934.0600000
2026-06-29,USD/INR,0.0106043758,94.300694,1060.43758,0.0105927223,0.0011,0.0105787,94.529574,1057.8700000
2026-06-29,EUR/INR,0.0093405842,107.059684,934.05842,0.0092910467,0.005332,0.0092983,107.546541,929.8300000
2026-06-30,USD/INR,0.0106109133,94.242594,1061.09133,0.0105769766,0.003209,0.0105747,94.56533,1057.4700000
2026-06-30,EUR/INR,0.0093266263,107.219906,932.66263,0.0092731690,0.005765,0.0092916,107.624091,929.1600000
2026-07-01,USD/INR,0.0105803206,94.515094,1058.03206,0.0105640365,0.001541,0.0105025,95.215425,1050.2500000
2026-07-01,EUR/INR,0.0092964678,107.567736,929.64678,0.0092715784,0.002684,0.0092444,108.173597,924.4400000
2026-07-02,USD/INR,0.0105713727,94.595094,1057.13727,0.0104988402,0.006909,0.0104830,95.39254,1048.3000000
2026-07-02,EUR/INR,0.0093049574,107.469594,930.49574,0.0092232629,0.008857,0.0092183,108.479872,921.8300000
2026-07-03,USD/INR,0.0105360095,94.912594,1053.60095,0.0104824656,0.005108,0.0105086,95.160155,1050.8600000
2026-07-03,EUR/INR,0.0092640455,107.944202,926.40455,0.0091959519,0.007405,0.0092027,108.663762,920.2700000
2026-07-04,USD/INR,0.0105086066,95.160094,1050.86066,0.0105025596,0.000576,0.0105086,95.160155,1050.8600000
2026-07-04,EUR/INR,0.0092027288,108.663421,920.27288,0.0091741436,0.003116,0.0092027,108.663762,920.2700000
2026-07-05,USD/INR,0.0105086066,95.160094,1050.86066,0.0105025596,0.000576,0.0105086,95.160155,1050.8600000
2026-07-05,EUR/INR,0.0092027288,108.663421,920.27288,0.0091741436,0.003116,0.0092027,108.663762,920.2700000
