date,pair,visa_inr_per_unit,visa_bill_inr,visa_benchmark,mc_inr_per_unit,mc_bill_inr
2025-07-06,USD/INR,85.56391444,85563.91444,85.4066457041,85.5380000,85538.0000000
2025-07-06,EUR/INR,100.8711978535,100871.197854,100.4980000000,100.8406730,100840.6730000
2025-07-07,USD/INR,85.56391444,85563.91444,85.4066457041,85.9060328,85906.0328000
2025-07-07,EUR/INR,100.8711978535,100871.197854,100.4980000000,101.3003418,101300.3418000
2025-07-08,USD/INR,86.05791394,86057.91394,85.9281207367,85.8640000,85864.0000000
2025-07-08,EUR/INR,101.4793906558,101479.390656,100.7765000000,101.0275242,101027.5242000
2025-07-09,USD/INR,85.86391414,85863.91414,85.6711896228,85.8120000,85812.0000000
2025-07-09,EUR/INR,101.0273803153,101027.380315,100.3895000000,100.6659683,100665.9683000
2025-07-10,USD/INR,85.93991406,85939.91406,85.7155069243,85.7930000,85793.0000000
2025-07-10,EUR/INR,100.8417943505,100841.794351,100.2700000000,100.8152838,100815.2838000
2025-07-11,USD/INR,85.69241431,85692.41431,85.7626612008,85.9340692,85934.0692000
2025-07-11,EUR/INR,100.6970553671,100697.055367,100.4195000000,100.6803117,100680.3117000
2025-07-12,USD/INR,85.93691406,85936.91406,85.8221347257,85.9340692,85934.0692000
2025-07-12,EUR/INR,100.6835877946,100683.587795,100.2660000000,100.6803117,100680.3117000
2025-07-13,USD/INR,85.93691406,85936.91406,85.8221347257,85.9340692,85934.0692000
2025-07-13,EUR/INR,100.6835877946,100683.587795,100.2660000000,100.6803117,100680.3117000
2025-07-14,USD/INR,85.93691406,85936.91406,85.8221347257,86.0760000,86076.0000000
2025-07-14,EUR/INR,100.6835877946,100683.587795,100.2660000000,100.7003021,100700.3021000
2025-07-15,USD/INR,86.07591392,86075.91392,86.0017108640,86.0370000,86037.0000000
2025-07-15,EUR/INR,100.7001109862,100700.110986,100.5360000000,100.6201853,100620.1853000
2025-07-16,USD/INR,86.03691396,86036.91396,85.8641234462,86.0041602,86004.1602000
2025-07-16,EUR/INR,100.6200702991,100620.070299,100.1605000000,100.8226735,100822.6735000
2025-07-17,USD/INR,86.10791389,86107.91389,85.9968108947,86.1569511,86156.9511000
2025-07-17,EUR/INR,100.9442065348,100944.206535,99.7735000000,100.4589971,100458.9971000
2025-07-18,USD/INR,86.16291384,86162.91384,86.0804041800,86.2500813,86250.0813000
2025-07-18,EUR/INR,100.3538453697,100353.84537,99.6725000000,100.6882767,100688.2767000
2025-07-19,USD/INR,86.26191374,86261.91374,86.1381974249,86.2500813,86250.0813000
2025-07-19,EUR/INR,100.7020574324,100702.057432,100.3510000000,100.6882767,100688.2767000
2025-07-20,USD/INR,86.26191374,86261.91374,86.1381974249,86.2500813,86250.0813000
2025-07-20,EUR/INR,100.7020574324,100702.057432,100.3510000000,100.6882767,100688.2767000
2025-07-21,USD/INR,86.26191374,86261.91374,86.1381974249,86.3220000,86322.0000000
2025-07-21,EUR/INR,100.7020574324,100702.057432,100.3510000000,101.1693035,101169.3035000
2025-07-22,USD/INR,86.37391363,86373.91363,86.2826776378,86.4337179,86433.7179000
2025-07-22,EUR/INR,101.2301255441,101230.125544,100.6660000000,101.5595982,101559.5982000
2025-07-23,USD/INR,86.46891353,86468.91353,86.4254209762,86.4140000,86414.0000000
2025-07-23,EUR/INR,101.7046344065,101704.634407,101.1091000000,101.6400924,101640.0924000
2025-07-24,USD/INR,86.47741352,86477.41352,86.4212007505,86.4720000,86472.0000000
2025-07-24,EUR/INR,101.8529957735,101852.995774,101.3375000000,101.9677300,101967.7300000
2025-07-25,USD/INR,86.47191353,86471.91353,86.3924804355,86.6350000,86635.0000000
2025-07-25,EUR/INR,101.9675784842,101967.578484,101.5630000000,102.0646187,102064.6187000
2025-07-26,USD/INR,86.65691334,86656.91334,86.5097236438,86.6350000,86635.0000000
2025-07-26,EUR/INR,101.925759562,101925.759562,101.4240000000,102.0646187,102064.6187000
2025-07-27,USD/INR,86.65691334,86656.91334,86.5097236438,86.6350000,86635.0000000
2025-07-27,EUR/INR,101.925759562,101925.759562,101.4240000000,102.0646187,102064.6187000
2025-07-28,USD/INR,86.65691334,86656.91334,86.5097236438,86.7520000,86752.0000000
2025-07-28,EUR/INR,101.925759562,101925.759562,101.4240000000,102.1416882,102141.6882000
2025-07-29,USD/INR,86.75191325,86751.91325,86.6959842114,87.1360000,87136.0000000
2025-07-29,EUR/INR,102.1416005535,102141.600554,101.0355000000,101.1910292,101191.0292000
2025-07-30,USD/INR,86.92491308,86924.91308,86.8490418798,87.8520807,87852.0807000
2025-07-30,EUR/INR,100.8414908312,100841.490831,100.1630000000,101.6799428,101679.9428000
2025-07-31,USD/INR,87.52741247,87527.41247,87.4885052485,87.5680000,87568.0000000
2025-07-31,EUR/INR,101.3041259236,101304.125924,100.8480000000,100.7469040,100746.9040000
2025-08-01,USD/INR,87.8009122,87800.9122,87.6244976411,87.3830000,87383.0000000
2025-08-01,EUR/INR,100.6373049438,100637.304944,100.2950000000,101.2768700,101276.8700000
2025-08-02,USD/INR,87.67791232,87677.91232,87.5043844265,87.3830000,87383.0000000
2025-08-02,EUR/INR,101.6887410024,101688.741002,99.7900000000,101.2768700,101276.8700000
2025-08-03,USD/INR,87.67791232,87677.91232,87.5043844265,87.3830000,87383.0000000
2025-08-03,EUR/INR,101.6887410024,101688.741002,99.7900000000,101.2768700,101276.8700000
2025-08-04,USD/INR,87.67791232,87677.91232,87.5043844265,87.7550000,87755.0000000
2025-08-04,EUR/INR,101.6887410024,101688.741002,99.7900000000,101.7782046,101778.2046000
2025-08-05,USD/INR,87.75491225,87754.91225,87.6562905318,87.9612442,87961.2442000
2025-08-05,EUR/INR,101.7780454319,101778.045432,101.3745000000,101.9470548,101947.0548000
2025-08-06,USD/INR,87.98191202,87981.91202,87.7788844622,87.8620000,87862.0000000
2025-08-06,EUR/INR,101.9709340601,101970.93406,101.3495000000,102.3591225,102359.1225000
2025-08-07,USD/INR,87.86191214,87861.91214,87.7227680110,87.5710000,87571.0000000
2025-08-07,EUR/INR,102.5347489325,102534.748933,101.7935000000,102.4755575,102475.5575000
2025-08-08,USD/INR,87.8029122,87802.9122,87.4959202955,87.5570000,87557.0000000
2025-08-08,EUR/INR,102.746865127,102746.865127,101.8715000000,102.2752228,102275.2228000
2025-08-09,USD/INR,87.77291223,87772.91223,87.6206215659,87.5570000,87557.0000000
2025-08-09,EUR/INR,102.5274362571,102527.436257,102.0605000000,102.2752228,102275.2228000
2025-08-10,USD/INR,87.77291223,87772.91223,87.6206215659,87.5570000,87557.0000000
2025-08-10,EUR/INR,102.5274362571,102527.436257,102.0605000000,102.2752228,102275.2228000
2025-08-11,USD/INR,87.77291223,87772.91223,87.6206215659,87.7802205,87780.2205000
2025-08-11,EUR/INR,102.5274362571,102527.436257,102.0605000000,102.5096232,102509.6232000
2025-08-12,USD/INR,87.66991233,87669.91233,87.7383410773,87.6380000,87638.0000000
2025-08-12,EUR/INR,102.3808212205,102380.821221,101.9695000000,102.5276857,102527.6857000
2025-08-13,USD/INR,87.78391222,87783.91222,87.7057556436,87.7350000,87735.0000000
2025-08-13,EUR/INR,102.698296199,102698.296199,101.7913000000,102.9218376,102921.8376000
2025-08-14,USD/INR,87.73491227,87734.91227,87.4481256938,87.7060000,87706.0000000
2025-08-14,EUR/INR,102.9217226709,102921.722671,102.4105000000,102.7650941,102765.0941000
2025-08-15,USD/INR,87.71991228,87719.91228,87.5714285714,87.5960000,87596.0000000
2025-08-15,EUR/INR,102.7813184107,102781.318411,102.3710000000,102.6274290,102627.4290000
2025-08-16,USD/INR,87.6989123,87698.9123,87.4614989733,87.5960000,87596.0000000
2025-08-16,EUR/INR,102.7479428676,102747.942868,102.2250000000,102.6274290,102627.4290000
2025-08-17,USD/INR,87.6989123,87698.9123,87.4614989733,87.5960000,87596.0000000
2025-08-17,EUR/INR,102.7479428676,102747.942868,102.2250000000,102.6274290,102627.4290000
2025-08-18,USD/INR,87.6989123,87698.9123,87.4614989733,87.3630000,87363.0000000
2025-08-18,EUR/INR,102.7479428676,102747.942868,102.2250000000,102.3981153,102398.1153000
2025-08-19,USD/INR,87.47991252,87479.91252,87.3798509381,87.1370000,87137.0000000
2025-08-19,EUR/INR,102.5351029382,102535.102938,101.9985000000,101.8979348,101897.9348000
2025-08-20,USD/INR,87.39191261,87391.91261,87.0876562232,87.1180000,87118.0000000
2025-08-20,EUR/INR,102.196000445,102196.000445,101.7358000000,101.7101521,101710.1521000
2025-08-21,USD/INR,87.17591282,87175.91282,87.0573341344,87.3400000,87340.0000000
2025-08-21,EUR/INR,101.7777764831,101777.776483,101.4305000000,101.9606470,101960.6470000
2025-08-22,USD/INR,87.27491273,87274.91273,87.2635106109,87.3440000,87344.0000000
2025-08-22,EUR/INR,101.814811341,101814.811341,101.5660000000,102.4981459,102498.1459000
2025-08-23,USD/INR,87.55791244,87557.91244,87.5370434183,87.3440000,87344.0000000
2025-08-23,EUR/INR,102.8366653678,102836.665368,101.6130000000,102.4981459,102498.1459000
2025-08-24,USD/INR,87.55791244,87557.91244,87.5370434183,87.3440000,87344.0000000
2025-08-24,EUR/INR,102.8366653678,102836.665368,101.6130000000,102.4981459,102498.1459000
2025-08-25,USD/INR,87.55791244,87557.91244,87.5370434183,87.6280000,87628.0000000
2025-08-25,EUR/INR,102.8366653678,102836.665368,101.6130000000,102.7963160,102796.3160000
2025-08-26,USD/INR,87.63291237,87632.91237,87.5596306745,87.7050000,87705.0000000
2025-08-26,EUR/INR,102.8020667078,102802.066708,102.4185000000,102.3604587,102360.4587000
2025-08-27,USD/INR,87.80991219,87809.91219,87.6175360329,87.8838896,87883.8896000
2025-08-27,EUR/INR,102.4565030691,102456.503069,102.1270000000,102.5077473,102507.7473000
2025-08-28,USD/INR,87.89091211,87890.91211,87.7589924955,87.6630000,87663.0000000
2025-08-28,EUR/INR,102.3928102152,102392.810215,101.7390000000,102.4691820,102469.1820000
2025-08-29,USD/INR,87.71391229,87713.91229,87.5757965057,88.3088703,88308.8703000
2025-08-29,EUR/INR,102.625174754,102625.174754,102.2535000000,103.4184023,103418.4023000
2025-08-30,USD/INR,88.31991168,88319.91168,88.1827929319,88.3088703,88308.8703000
2025-08-30,EUR/INR,103.4313451458,103431.345146,102.8035000000,103.4184023,103418.4023000
2025-08-31,USD/INR,88.31991168,88319.91168,88.1827929319,88.3088703,88308.8703000
2025-08-31,EUR/INR,103.4313451458,103431.345146,102.8035000000,103.4184023,103418.4023000
2025-09-01,USD/INR,88.31991168,88319.91168,88.1827929319,88.0100000,88010.0000000
2025-09-01,EUR/INR,103.4313451458,103431.345146,102.8035000000,103.3148562,103314.8562000
2025-09-02,USD/INR,88.34991165,88349.91165,88.1967562953,88.1852868,88185.2868000
2025-09-02,EUR/INR,103.7138575631,103713.857563,103.3225000000,103.3530739,103353.0739000
2025-09-03,USD/INR,88.21361179,88213.61179,88.0813154731,88.1630000,88163.0000000
2025-09-03,EUR/INR,103.3862496315,103386.249632,102.5795000000,103.0183489,103018.3489000
2025-09-04,USD/INR,88.2024118,88202.4118,88.0305500729,88.2210000,88221.0000000
2025-09-04,EUR/INR,103.0644151679,103064.415168,102.5820000000,103.0420538,103042.0538000
2025-09-05,USD/INR,88.23991176,88239.91176,88.1132480467,88.2110000,88211.0000000
2025-09-05,EUR/INR,102.9846980391,102984.698039,102.6255000000,103.7537227,103753.7227000
2025-09-06,USD/INR,88.38991161,88389.91161,88.2457040267,88.2110000,88211.0000000
2025-09-06,EUR/INR,103.9729490803,103972.94908,103.2210000000,103.7537227,103753.7227000
2025-09-07,USD/INR,88.38991161,88389.91161,88.2457040267,88.2110000,88211.0000000
2025-09-07,EUR/INR,103.9729490803,103972.94908,103.2210000000,103.7537227,103753.7227000
2025-09-08,USD/INR,88.38991161,88389.91161,88.2457040267,88.0420000,88042.0000000
2025-09-08,EUR/INR,103.9729490803,103972.94908,103.2210000000,103.5108717,103510.8717000
2025-09-09,USD/INR,88.2009118,88200.9118,88.0333390177,88.2370000,88237.0000000
2025-09-09,EUR/INR,103.7859091026,103785.909103,103.2455000000,103.9607518,103960.7518000
2025-09-10,USD/INR,88.18991181,88189.91181,88.1697036785,88.0470000,88047.0000000
2025-09-10,EUR/INR,103.9052502068,103905.250207,103.5465000000,103.3055379,103305.5379000
2025-09-11,USD/INR,88.27191173,88271.91173,88.1203553430,88.0440000,88044.0000000
2025-09-11,EUR/INR,103.5693304899,103569.33049,103.1625000000,103.4428065,103442.8065000
2025-09-12,USD/INR,88.50591149,88505.91149,88.4304664099,88.3870000,88387.0000000
2025-09-12,EUR/INR,103.9854914152,103985.491415,103.3310000000,103.8634911,103863.4911000
2025-09-13,USD/INR,88.43591156,88435.91156,88.2734254992,88.3870000,88387.0000000
2025-09-13,EUR/INR,103.920935762,103920.935762,103.4388000000,103.8634911,103863.4911000
2025-09-14,USD/INR,88.43591156,88435.91156,88.2734254992,88.3870000,88387.0000000
2025-09-14,EUR/INR,103.920935762,103920.935762,103.4388000000,103.8634911,103863.4911000
2025-09-15,USD/INR,88.43591156,88435.91156,88.2734254992,88.1760000,88176.0000000
2025-09-15,EUR/INR,103.920935762,103920.935762,103.4388000000,103.8183038,103818.3038000
2025-09-16,USD/INR,88.30741169,88307.41169,88.1476287608,88.0820000,88082.0000000
2025-09-16,EUR/INR,103.99070398,103990.70398,103.7145000000,104.4299933,104429.9933000
2025-09-17,USD/INR,88.16621183,88166.21183,88.0507326162,87.8240000,87824.0000000
2025-09-17,EUR/INR,104.7413549126,104741.354913,103.9615000000,104.3348924,104334.8924000
2025-09-18,USD/INR,87.92191208,87921.91208,87.8512291966,88.2934380,88293.4380000
2025-09-18,EUR/INR,104.8116065876,104811.606588,103.9895000000,105.2545824,105254.5824000
2025-09-19,USD/INR,88.16241184,88162.41184,88.1143171433,88.1440000,88144.0000000
2025-09-19,EUR/INR,104.4635373168,104463.537317,104.1335000000,103.9658322,103965.8322000
2025-09-20,USD/INR,88.34991165,88349.91165,88.1603612815,88.1440000,88144.0000000
2025-09-20,EUR/INR,104.1997816355,104199.781636,103.4650000000,103.9658322,103965.8322000
2025-09-21,USD/INR,88.34991165,88349.91165,88.1603612815,88.1440000,88144.0000000
2025-09-21,EUR/INR,104.1997816355,104199.781636,103.4650000000,103.9658322,103965.8322000
2025-09-22,USD/INR,88.34991165,88349.91165,88.1603612815,88.3525000,88352.5000000
2025-09-22,EUR/INR,104.1997816355,104199.781636,103.4650000000,104.1586845,104158.6845000
2025-09-23,USD/INR,88.35241165,88352.41165,88.2760376878,88.8240000,88824.0000000
2025-09-23,EUR/INR,104.3087528498,104308.75285,103.9980000000,105.0076784,105007.6784000
2025-09-24,USD/INR,88.83391117,88833.91117,88.7745272619,88.8260000,88826.0000000
2025-09-24,EUR/INR,105.0193447835,105019.344784,104.6918000000,105.0011053,105001.1053000
2025-09-25,USD/INR,88.78491122,88784.91122,88.7074685267,88.8403425,88840.3425000
2025-09-25,EUR/INR,104.9525386094,104952.538609,104.2845000000,104.4406411,104440.6411000
2025-09-26,USD/INR,88.70991129,88709.91129,88.6885595025,88.6950000,88695.0000000
2025-09-26,EUR/INR,104.2872673897,104287.26739,104.1115000000,103.8263392,103826.3392000
2025-09-27,USD/INR,88.8029112,88802.9112,88.7161583276,88.6950000,88695.0000000
2025-09-27,EUR/INR,103.9703444448,103970.344445,103.5495000000,103.8263392,103826.3392000
2025-09-28,USD/INR,88.8029112,88802.9112,88.7161583276,88.6950000,88695.0000000
2025-09-28,EUR/INR,103.9703444448,103970.344445,103.5495000000,103.8263392,103826.3392000
2025-09-29,USD/INR,88.8029112,88802.9112,88.7161583276,88.6800000,88680.0000000
2025-09-29,EUR/INR,103.9703444448,103970.344445,103.5495000000,104.2699166,104269.9166000
2025-09-30,USD/INR,88.80891119,88808.91119,88.7505757912,88.8740000,88874.0000000
2025-09-30,EUR/INR,104.4214133379,104421.413338,104.0423000000,104.5423962,104542.3962000
2025-10-01,USD/INR,88.8969111,88896.9111,88.7955029384,88.7027000,88702.7000000
2025-10-01,EUR/INR,104.5782216753,104578.221675,104.2548000000,104.4917110,104491.7110000
2025-10-02,USD/INR,88.86091114,88860.91114,88.7256908905,88.8832626,88883.2626000
2025-10-02,EUR/INR,104.6780486448,104678.048645,104.0220000000,104.5355848,104535.5848000
2025-10-03,USD/INR,88.88991111,88889.91111,88.7185638931,88.8193000,88819.3000000
2025-10-03,EUR/INR,104.5433199219,104543.319922,104.2798000000,104.4603584,104460.3584000
2025-10-04,USD/INR,88.84191116,88841.91116,88.7872848134,88.8193000,88819.3000000
2025-10-04,EUR/INR,104.4868672372,104486.867237,104.1830000000,104.4603584,104460.3584000
2025-10-05,USD/INR,88.84191116,88841.91116,88.7872848134,88.8193000,88819.3000000
2025-10-05,EUR/INR,104.4868672372,104486.867237,104.1830000000,104.4603584,104460.3584000
2025-10-06,USD/INR,88.84191116,88841.91116,88.7872848134,88.7300000,88730.0000000
2025-10-06,EUR/INR,104.4868672372,104486.867237,104.1830000000,104.2044677,104204.4677000
2025-10-07,USD/INR,88.84691115,88846.91115,88.7806131187,88.7900000,88790.0000000
2025-10-07,EUR/INR,104.2439766349,104243.976635,103.6780000000,104.0528948,104052.8948000
2025-10-08,USD/INR,88.79241121,88792.41121,88.7557860449,88.8450000,88845.0000000
2025-10-08,EUR/INR,104.0557226323,104055.722632,103.5425000000,103.7887054,103788.7054000
2025-10-09,USD/INR,88.84491116,88844.91116,88.7567730283,88.8830000,88883.0000000
2025-10-09,EUR/INR,103.6286007839,103628.600784,103.1975000000,103.5485863,103548.5863000
2025-10-10,USD/INR,88.7999112,88799.9112,88.7972612178,88.8533594,88853.3594000
2025-10-10,EUR/INR,103.4517930961,103451.793096,103.1025000000,103.3541539,103354.1539000
2025-10-11,USD/INR,88.83091117,88830.91117,88.7104944675,88.8533594,88853.3594000
2025-10-11,EUR/INR,103.3280125626,103328.012563,102.6203000000,103.3541539,103354.1539000
2025-10-12,USD/INR,88.83091117,88830.91117,88.7104944675,88.8533594,88853.3594000
2025-10-12,EUR/INR,103.3280125626,103328.012563,102.6203000000,103.3541539,103354.1539000
2025-10-13,USD/INR,88.83091117,88830.91117,88.7104944675,88.7480000,88748.0000000
2025-10-13,EUR/INR,103.3280125626,103328.012563,102.6203000000,103.2227149,103222.7149000
2025-10-14,USD/INR,88.8024112,88802.4112,88.6904659003,88.8380000,88838.0000000
2025-10-14,EUR/INR,103.2859811895,103285.98119,102.6060000000,103.1497133,103149.7133000
2025-10-15,USD/INR,88.83791116,88837.91116,88.7932138838,88.0840000,88084.0000000
2025-10-15,EUR/INR,103.2206657472,103220.665747,102.5828000000,102.6090259,102609.0259000
2025-10-16,USD/INR,88.40741159,88407.41159,88.0584236792,88.0220000,88022.0000000
2025-10-16,EUR/INR,102.9945315077,102994.531508,102.3415000000,102.8183887,102818.3887000
2025-10-17,USD/INR,87.95741204,87957.41204,87.9272898961,88.1420000,88142.0000000
2025-10-17,EUR/INR,102.8748862118,102874.886212,102.4265000000,103.3905562,103390.5562000
2025-10-18,USD/INR,87.97991202,87979.91202,87.9950346717,88.1420000,88142.0000000
2025-10-18,EUR/INR,103.200333599,103200.333599,102.7870000000,103.3905562,103390.5562000
2025-10-19,USD/INR,87.97991202,87979.91202,87.9950346717,88.1420000,88142.0000000
2025-10-19,EUR/INR,103.200333599,103200.333599,102.7870000000,103.3905562,103390.5562000
2025-10-20,USD/INR,87.97991202,87979.91202,87.9950346717,87.9970236,87997.0236000
2025-10-20,EUR/INR,103.200333599,103200.333599,102.7870000000,102.7628056,102762.8056000
2025-10-21,USD/INR,88.01691198,88016.91198,87.9034749035,88.0970000,88097.0000000
2025-10-21,EUR/INR,102.7860470065,102786.047007,102.4515000000,102.7122316,102712.2316000
2025-10-22,USD/INR,87.97741202,87977.41202,87.9704488671,87.8580000,87858.0000000
2025-10-22,EUR/INR,102.5551666101,102555.16661,102.1073000000,102.1435995,102143.5995000
2025-10-23,USD/INR,88.00791199,88007.91199,88.4139121429,87.9101348,87910.1348000
2025-10-23,EUR/INR,102.300294632,102300.294632,102.4452000000,102.1866287,102186.6287000
2025-10-24,USD/INR,87.96741203,87967.41203,87.8210126801,87.9210000,87921.0000000
2025-10-24,EUR/INR,102.2356240431,102235.624043,101.8109000000,102.4366885,102436.6885000
2025-10-25,USD/INR,87.92091208,87920.91208,87.8039958663,87.9210000,87921.0000000
2025-10-25,EUR/INR,102.4365522365,102436.552237,101.9580000000,102.4366885,102436.6885000
2025-10-26,USD/INR,87.92091208,87920.91208,87.8039958663,87.9210000,87921.0000000
2025-10-26,EUR/INR,102.4365522365,102436.552237,101.9580000000,102.4366885,102436.6885000
2025-10-27,USD/INR,87.92091208,87920.91208,87.8039958663,88.3188000,88318.8000000
2025-10-27,EUR/INR,102.4365522365,102436.552237,101.9580000000,102.9177917,102917.7917000
2025-10-28,USD/INR,88.31871168,88318.71168,88.2448453608,88.2780000,88278.0000000
2025-10-28,EUR/INR,102.9176918294,102917.691829,102.7170000000,103.0203093,103020.3093000
2025-10-29,USD/INR,88.42991157,88429.91157,88.3153912296,88.3780000,88378.0000000
2025-10-29,EUR/INR,103.1976036045,103197.603605,102.7108000000,103.1370091,103137.0091000
2025-10-30,USD/INR,88.35491165,88354.91165,88.2313509797,88.7696037,88769.6037000
2025-10-30,EUR/INR,103.0835723119,103083.572312,102.6660000000,103.5674203,103567.4203000
2025-10-31,USD/INR,88.77191123,88771.91123,88.7175757576,88.7925000,88792.5000000
2025-10-31,EUR/INR,103.312646959,103312.646959,102.4688000000,102.8127688,102812.7688000
2025-11-01,USD/INR,88.83191117,88831.91117,88.7199238359,88.7925000,88792.5000000
2025-11-01,EUR/INR,102.8583670764,102858.367076,102.5070000000,102.8127688,102812.7688000
2025-11-02,USD/INR,88.83191117,88831.91117,88.7199238359,88.7925000,88792.5000000
2025-11-02,EUR/INR,102.8583670764,102858.367076,102.5070000000,102.8127688,102812.7688000
2025-11-03,USD/INR,88.83191117,88831.91117,88.7199238359,88.7450000,88745.0000000
2025-11-03,EUR/INR,102.8583670764,102858.367076,102.5070000000,102.4294755,102429.4755000
2025-11-04,USD/INR,88.81091119,88810.91119,88.7741010943,88.7940000,88794.0000000
2025-11-04,EUR/INR,102.5054512077,102505.451208,102.2145000000,102.4593049,102459.3049000
2025-11-05,USD/INR,88.67491133,88674.91133,88.7089896441,88.6030000,88603.0000000
2025-11-05,EUR/INR,102.286407977,102286.407977,101.9355000000,101.8933583,101893.3583000
2025-11-06,USD/INR,88.67491133,88674.91133,88.6416637661,88.7090000,88709.0000000
2025-11-06,EUR/INR,101.9760460534,101976.046053,101.8670000000,102.4322595,102432.2595000
2025-11-07,USD/INR,88.70891129,88708.91129,88.5740917368,88.7340000,88734.0000000
2025-11-07,EUR/INR,102.4853027545,102485.302755,102.1525000000,102.8604416,102860.4416000
2025-11-08,USD/INR,88.73591126,88735.91126,88.6757200934,88.7340000,88734.0000000
2025-11-08,EUR/INR,102.8625654877,102862.565488,102.5180000000,102.8604416,102860.4416000
2025-11-09,USD/INR,88.73591126,88735.91126,88.6757200934,88.7340000,88734.0000000
2025-11-09,EUR/INR,102.8625654877,102862.565488,102.5180000000,102.8604416,102860.4416000
2025-11-10,USD/INR,88.73591126,88735.91126,88.6757200934,88.7530000,88753.0000000
2025-11-10,EUR/INR,102.8625654877,102862.565488,102.5180000000,102.8202496,102820.2496000
2025-11-11,USD/INR,88.75491125,88754.91125,88.6794572638,88.4680000,88468.0000000
2025-11-11,EUR/INR,102.8224619049,102822.461905,102.6110000000,102.6846962,102684.6962000
2025-11-12,USD/INR,88.73691126,88736.91126,88.4924406048,88.6650000,88665.0000000
2025-11-12,EUR/INR,102.9968298759,102996.829876,102.4300000000,102.8513959,102851.3959000
2025-11-13,USD/INR,88.66741133,88667.41133,88.6035763649,88.8210000,88821.0000000
2025-11-13,EUR/INR,102.8452275475,102845.227548,102.5675000000,103.4763563,103476.3563000
2025-11-14,USD/INR,88.73491127,88734.91127,88.6887856098,88.7130000,88713.0000000
2025-11-14,EUR/INR,103.4470560937,103447.056094,103.0475000000,103.4215027,103421.5027000
2025-11-15,USD/INR,88.82391118,88823.91118,88.6731627747,88.7130000,88713.0000000
2025-11-15,EUR/INR,103.5330473027,103533.047303,103.2865000000,103.4215027,103421.5027000
2025-11-16,USD/INR,88.82391118,88823.91118,88.6731627747,88.7130000,88713.0000000
2025-11-16,EUR/INR,103.5330473027,103533.047303,103.2865000000,103.4215027,103421.5027000
2025-11-17,USD/INR,88.82391118,88823.91118,88.6731627747,88.6590000,88659.0000000
2025-11-17,EUR/INR,103.5330473027,103533.047303,103.2865000000,103.0837097,103083.7097000
2025-11-18,USD/INR,88.75291125,88752.91125,88.6047614940,88.5690000,88569.0000000
2025-11-18,EUR/INR,103.210657273,103210.657273,102.7195000000,102.8197088,102819.7088000
2025-11-19,USD/INR,88.7019113,88701.9113,88.5625539258,88.5730000,88573.0000000
2025-11-19,EUR/INR,102.9739458453,102973.945845,102.6440000000,102.7357379,102735.7379000
2025-11-20,USD/INR,88.65591134,88655.91134,88.5042735043,88.7880000,88788.0000000
2025-11-20,EUR/INR,102.8318887224,102831.888722,102.5145000000,102.5590083,102559.0083000
2025-11-21,USD/INR,88.78791121,88787.91121,88.7128712871,89.7440000,89744.0000000
2025-11-21,EUR/INR,102.5588136886,102558.813689,102.1440000000,103.6990988,103699.0988000
2025-11-22,USD/INR,89.58991041,89589.91041,89.6378472222,89.7440000,89744.0000000
2025-11-22,EUR/INR,103.5210380024,103521.038002,103.2628000000,103.6990988,103699.0988000
2025-11-23,USD/INR,89.58991041,89589.91041,89.6378472222,89.7440000,89744.0000000
2025-11-23,EUR/INR,103.5210380024,103521.038002,103.2628000000,103.6990988,103699.0988000
2025-11-24,USD/INR,89.58991041,89589.91041,89.6378472222,89.1660000,89166.0000000
2025-11-24,EUR/INR,103.5210380024,103521.038002,103.2628000000,102.9956360,102995.6360000
2025-11-25,USD/INR,89.28991071,89289.91071,89.1493416493,89.2820000,89282.0000000
2025-11-25,EUR/INR,103.1386727313,103138.672731,102.9140000000,103.4509529,103450.9529000
2025-11-26,USD/INR,89.28191072,89281.91072,89.1994632499,89.2820000,89282.0000000
2025-11-26,EUR/INR,103.4508464735,103450.846474,103.0343000000,103.5848993,103584.8993000
2025-11-27,USD/INR,89.29491071,89294.91071,89.1997063142,89.4160000,89416.0000000
2025-11-27,EUR/INR,103.5998518236,103599.851824,103.2665000000,103.8655704,103865.5704000
2025-11-28,USD/INR,89.41591058,89415.91058,89.4022958743,89.3720000,89372.0000000
2025-11-28,EUR/INR,103.8654178284,103865.417828,103.5815000000,103.7608249,103760.8249000
2025-11-29,USD/INR,89.52291048,89522.91048,89.4782120007,89.3720000,89372.0000000
2025-11-29,EUR/INR,103.9359951312,103935.995131,103.4905000000,103.7608249,103760.8249000
2025-11-30,USD/INR,89.52291048,89522.91048,89.4782120007,89.3720000,89372.0000000
2025-11-30,EUR/INR,103.9359951312,103935.995131,103.4905000000,103.7608249,103760.8249000
2025-12-01,USD/INR,89.52291048,89522.91048,89.4782120007,89.7394596,89739.4596000
2025-12-01,EUR/INR,103.9359951312,103935.995131,103.4905000000,104.5732846,104573.2846000
2025-12-02,USD/INR,89.8049102,89804.9102,89.5434483943,90.0210000,90021.0000000
2025-12-02,EUR/INR,104.6495572333,104649.557233,104.2823000000,104.6943290,104694.3290000
2025-12-03,USD/INR,90.02090998,90020.90998,89.9522128466,90.2932288,90293.2288000
2025-12-03,EUR/INR,104.6762094304,104676.20943,104.4705000000,105.4353227,105435.3227000
2025-12-04,USD/INR,90.33390967,90333.90967,90.1675522797,89.9020000,89902.0000000
2025-12-04,EUR/INR,105.4918342026,105491.834203,105.2075000000,105.0414081,105041.4081000
2025-12-05,USD/INR,90.46690953,90466.90953,89.8705640322,90.0810000,90081.0000000
2025-12-05,EUR/INR,105.7014314295,105701.43143,104.8430000000,105.1515272,105151.5272000
2025-12-06,USD/INR,90.08090992,90080.90992,89.9381708888,90.0810000,90081.0000000
2025-12-06,EUR/INR,105.1513410252,105151.341025,104.7330000000,105.1515272,105151.5272000
2025-12-07,USD/INR,90.08090992,90080.90992,89.9381708888,90.0810000,90081.0000000
2025-12-07,EUR/INR,105.1513410252,105151.341025,104.7330000000,105.1515272,105151.5272000
2025-12-08,USD/INR,90.08090992,90080.90992,89.9381708888,90.2720000,90272.0000000
2025-12-08,EUR/INR,105.1513410252,105151.341025,104.7330000000,105.3834615,105383.4615000
2025-12-09,USD/INR,90.27190973,90271.90973,90.0429000429,89.8870000,89887.0000000
2025-12-09,EUR/INR,105.3833220715,105383.322072,104.9450000000,104.7901504,104790.1504000
2025-12-10,USD/INR,90.23990976,90239.90976,89.8427429750,90.0400000,90040.0000000
2025-12-10,EUR/INR,105.2015815785,105201.581579,104.5500000000,104.9775739,104977.5739000
2025-12-11,USD/INR,90.08740991,90087.40991,89.9095753825,90.3142685,90314.2685000
2025-12-11,EUR/INR,105.4291904154,105429.190415,104.6008000000,106.2094718,106209.4718000
2025-12-12,USD/INR,90.49490951,90494.90951,90.3197029196,90.6590000,90659.0000000
2025-12-12,EUR/INR,106.4581051256,106458.105126,105.8005000000,106.6511225,106651.1225000
2025-12-13,USD/INR,90.65890934,90658.90934,90.5255306453,90.6590000,90659.0000000
2025-12-13,EUR/INR,106.5331778412,106533.177841,106.1955000000,106.6511225,106651.1225000
2025-12-14,USD/INR,90.65890934,90658.90934,90.5255306453,90.6590000,90659.0000000
2025-12-14,EUR/INR,106.5331778412,106533.177841,106.1955000000,106.6511225,106651.1225000
2025-12-15,USD/INR,90.65890934,90658.90934,90.5255306453,90.7990000,90799.0000000
2025-12-15,EUR/INR,106.5331778412,106533.177841,106.1955000000,106.8703817,106870.3817000
2025-12-16,USD/INR,90.80740919,90807.40919,90.7453416149,91.0765674,91076.5674000
2025-12-16,EUR/INR,106.8802137363,106880.213736,106.6530000000,107.5158481,107515.8481000
2025-12-17,USD/INR,91.08990891,91089.90891,90.9213654891,90.5576034,90557.6034000
2025-12-17,EUR/INR,107.5315299822,107531.529982,107.0690000000,106.6677386,106667.7386000
2025-12-18,USD/INR,91.07990892,91079.90892,90.3664050503,90.3393060,90339.3060000
2025-12-18,EUR/INR,107.1007577891,107100.757789,105.9275000000,106.2750349,106275.0349000
2025-12-19,USD/INR,90.46890953,90468.90953,90.2623944023,89.7413013,89741.3013000
2025-12-19,EUR/INR,106.4275187797,106427.51878,105.7785000000,105.3472291,105347.2291000
2025-12-20,USD/INR,90.30990969,90309.90969,89.6977459016,89.7413013,89741.3013000
2025-12-20,EUR/INR,106.0146969613,106014.696961,105.0540000000,105.3472291,105347.2291000
2025-12-21,USD/INR,90.30990969,90309.90969,89.6977459016,89.7413013,89741.3013000
2025-12-21,EUR/INR,106.0146969613,106014.696961,105.0540000000,105.3472291,105347.2291000
2025-12-22,USD/INR,90.30990969,90309.90969,89.6977459016,89.6904462,89690.4462000
2025-12-22,EUR/INR,106.0146969613,106014.696961,105.0540000000,105.5656144,105565.6144000
2025-12-23,USD/INR,89.77591022,89775.91022,89.6466581524,89.5750000,89575.0000000
2025-12-23,EUR/INR,105.6661406627,105666.140663,105.2900000000,105.7252760,105725.2760000
2025-12-24,USD/INR,89.85491015,89854.91015,89.5536229425,89.8800000,89880.0000000
2025-12-24,EUR/INR,106.0556444213,106055.644421,105.5479000000,106.1481610,106148.1610000
2025-12-25,USD/INR,89.87991012,89879.91012,89.7391193688,89.8800000,89880.0000000
2025-12-25,EUR/INR,106.1480677035,106148.067704,105.7755000000,106.1481610,106148.1610000
2025-12-26,USD/INR,89.87991012,89879.91012,89.7391193688,89.8620000,89862.0000000
2025-12-26,EUR/INR,106.1480677035,106148.067704,105.7755000000,106.0190986,106019.0986000
2025-12-27,USD/INR,89.98191002,89981.91002,89.7391193688,89.8620000,89862.0000000
2025-12-27,EUR/INR,106.1605512629,106160.551263,105.7755000000,106.0190986,106019.0986000
2025-12-28,USD/INR,89.98191002,89981.91002,89.7391193688,89.8620000,89862.0000000
2025-12-28,EUR/INR,106.1605512629,106160.551263,105.7755000000,106.0190986,106019.0986000
2025-12-29,USD/INR,89.98191002,89981.91002,89.7391193688,89.9960000,89996.0000000
2025-12-29,EUR/INR,106.1605512629,106160.551263,105.7755000000,106.1052115,106105.2115000
2025-12-30,USD/INR,89.99741,89997.41,89.8997110318,89.9210000,89921.0000000
2025-12-30,EUR/INR,106.1068402831,106106.840283,105.7760000000,105.9448391,105944.8391000
2025-12-31,USD/INR,90.05190995,90051.90995,89.8018201922,89.9550000,89955.0000000
2025-12-31,EUR/INR,106.0990542219,106099.054222,105.5800000000,105.8589277,105858.9277000
2026-01-01,USD/INR,90.02090998,90020.90998,89.8693617021,89.9550000,89955.0000000
2026-01-01,EUR/INR,105.8734863629,105873.486363,105.5965000000,105.8589277,105858.9277000
2026-01-02,USD/INR,90.02090998,90020.90998,89.8693617021,90.2161260,90216.1260000
2026-01-02,EUR/INR,105.8734863629,105873.486363,105.5965000000,106.1482327,106148.2327000
2026-01-03,USD/INR,90.25990974,90259.90974,90.1962289907,90.2161260,90216.1260000
2026-01-03,EUR/INR,106.1997035642,106199.703564,105.7190000000,106.1482327,106148.2327000
2026-01-04,USD/INR,90.25990974,90259.90974,90.1962289907,90.2161260,90216.1260000
2026-01-04,EUR/INR,106.1997035642,106199.703564,105.7190000000,106.1482327,106148.2327000
2026-01-05,USD/INR,90.25990974,90259.90974,90.1962289907,90.3543192,90354.3192000
2026-01-05,EUR/INR,106.1997035642,106199.703564,105.7190000000,105.9856064,105985.6064000
2026-01-06,USD/INR,90.31890968,90318.90968,90.2914951989,90.2280000,90228.0000000
2026-01-06,EUR/INR,105.9710707835,105971.070784,105.3160000000,105.9726788,105972.6788000
2026-01-07,USD/INR,90.27390973,90273.90973,90.1516186897,89.8950000,89895.0000000
2026-01-07,EUR/INR,106.0266009963,106026.600996,105.5405000000,105.2130771,105213.0771000
2026-01-08,USD/INR,90.23990976,90239.90976,89.8523622047,90.0298869,90029.8869000
2026-01-08,EUR/INR,105.6166848024,105616.684802,104.9835000000,105.2988523,105298.8523000
2026-01-09,USD/INR,90.14110986,90141.10986,89.9254817987,90.3200000,90320.0000000
2026-01-09,EUR/INR,105.3297815866,105329.781587,104.9880000000,105.3492259,105349.2259000
2026-01-10,USD/INR,90.33090967,90330.90967,90.2194640096,90.3200000,90320.0000000
2026-01-10,EUR/INR,105.3618677132,105361.867713,105.0335000000,105.3492259,105349.2259000
2026-01-11,USD/INR,90.33090967,90330.90967,90.2194640096,90.3200000,90320.0000000
2026-01-11,EUR/INR,105.3618677132,105361.867713,105.0335000000,105.3492259,105349.2259000
2026-01-12,USD/INR,90.33090967,90330.90967,90.2194640096,90.1590000,90159.0000000
2026-01-12,EUR/INR,105.3618677132,105361.867713,105.0335000000,105.4770033,105477.0033000
2026-01-13,USD/INR,90.28490972,90284.90972,90.1633595621,90.3660000,90366.0000000
2026-01-13,EUR/INR,105.6242102481,105624.210248,105.4190000000,105.5384134,105538.4134000
2026-01-14,USD/INR,90.36590963,90365.90963,90.2246438991,90.3980000,90398.0000000
2026-01-14,EUR/INR,105.5382403095,105538.24031,105.1478000000,105.4221293,105422.1293000
2026-01-15,USD/INR,90.3024097,90302.4097,90.3028066260,90.4460000,90446.0000000
2026-01-15,EUR/INR,105.3105648995,105310.5649,105.2118000000,105.4328592,105432.8592000
2026-01-16,USD/INR,90.3024097,90302.4097,90.2999827942,90.8871872,90887.1872000
2026-01-16,EUR/INR,105.1931718572,105193.171857,104.9647000000,105.6835131,105683.5131000
2026-01-17,USD/INR,90.8999091,90899.9091,90.7265214771,90.8871872,90887.1872000
2026-01-17,EUR/INR,105.6983085849,105698.308585,105.3970000000,105.6835131,105683.5131000
2026-01-18,USD/INR,90.8999091,90899.9091,90.7265214771,90.8871872,90887.1872000
2026-01-18,EUR/INR,105.6983085849,105698.308585,105.3970000000,105.6835131,105683.5131000
2026-01-19,USD/INR,90.8999091,90899.9091,90.7265214771,91.0001466,91000.1466000
2026-01-19,EUR/INR,105.6983085849,105698.308585,105.3970000000,105.9969070,105996.9070000
2026-01-20,USD/INR,91.01990898,91019.90898,90.8748172986,91.0750000,91075.0000000
2026-01-20,EUR/INR,106.0380879235,106038.087924,105.6965000000,107.1952336,107195.2336000
2026-01-21,USD/INR,91.14790885,91147.90885,90.9592428377,91.7600000,91760.0000000
2026-01-21,EUR/INR,107.2809814354,107280.981435,106.6770000000,107.7628981,107762.8981000
2026-01-22,USD/INR,91.75990824,91759.90824,91.6411108272,91.6875000,91687.5000000
2026-01-22,EUR/INR,107.7627285109,107762.728511,107.5775000000,107.7511491,107751.1491000
2026-01-23,USD/INR,91.68740831,91687.40831,91.5906372800,91.9950000,91995.0000000
2026-01-23,EUR/INR,107.8059468665,107805.946867,107.2160000000,108.3332843,108333.2843000
2026-01-24,USD/INR,91.99490801,91994.90801,91.8616930676,91.9950000,91995.0000000
2026-01-24,EUR/INR,108.8942636895,108894.26369,107.8640000000,108.3332843,108333.2843000
2026-01-25,USD/INR,91.99490801,91994.90801,91.8616930676,91.9950000,91995.0000000
2026-01-25,EUR/INR,108.8942636895,108894.26369,107.8640000000,108.3332843,108333.2843000
2026-01-26,USD/INR,91.99490801,91994.90801,91.8616930676,91.8772854,91877.2854000
2026-01-26,EUR/INR,108.8942636895,108894.26369,107.8640000000,109.4074170,109407.4170000
2026-01-27,USD/INR,91.7969082,91796.9082,91.7636870564,91.5840000,91584.0000000
2026-01-27,EUR/INR,109.3116489544,109311.648954,108.6115000000,109.8183484,109818.3484000
2026-01-28,USD/INR,91.9009081,91900.9081,91.6153910638,92.2280000,92228.0000000
2026-01-28,EUR/INR,111.0345661501,111034.56615,109.2880000000,111.4113661,111411.3661000
2026-01-29,USD/INR,91.83240817,91832.40817,91.9433773175,91.9440000,91944.0000000
2026-01-29,EUR/INR,110.6303914643,110630.391464,110.0930000000,110.3143113,110314.3113000
2026-01-30,USD/INR,92.004908,92004.908,91.9176136364,91.8100000,91810.0000000
2026-01-30,EUR/INR,110.3873782125,110387.378213,110.0070000000,109.9700071,109970.0071000
2026-01-31,USD/INR,92.04590795,92045.90795,91.9393405487,91.8100000,91810.0000000
2026-01-31,EUR/INR,110.2524782715,110252.478272,109.5825000000,109.9700071,109970.0071000
2026-02-01,USD/INR,92.04590795,92045.90795,91.9393405487,91.8100000,91810.0000000
2026-02-01,EUR/INR,110.2524782715,110252.478272,109.5825000000,109.9700071,109970.0071000
2026-02-02,USD/INR,92.04590795,92045.90795,91.9393405487,91.2910000,91291.0000000
2026-02-02,EUR/INR,110.2524782715,110252.478272,109.5825000000,108.4171086,108417.1086000
2026-02-03,USD/INR,91.84240816,91842.40816,91.5684121622,90.4294056,90429.4056000
2026-02-03,EUR/INR,109.071934822,109071.934822,108.4170000000,106.9417459,106941.7459000
2026-02-04,USD/INR,90.52490948,90524.90948,90.1372765020,90.5305925,90530.5925000
2026-02-04,EUR/INR,107.0908608239,107090.860824,106.3710000000,107.1791602,107179.1602000
2026-02-05,USD/INR,90.53990946,90539.90946,90.4143824027,90.3633318,90363.3318000
2026-02-05,EUR/INR,107.1900916104,107190.09161,106.8698000000,106.8364429,106836.4429000
2026-02-06,USD/INR,90.52740947,90527.40947,90.3085268690,90.7550217,90755.0217000
2026-02-06,EUR/INR,107.030449213,107030.449213,106.5460000000,107.3359586,107335.9586000
2026-02-07,USD/INR,90.85990914,90859.90914,90.6617771748,90.7550217,90755.0217000
2026-02-07,EUR/INR,107.4599070526,107459.907053,106.9265000000,107.3359586,107335.9586000
2026-02-08,USD/INR,90.85990914,90859.90914,90.6617771748,90.7550217,90755.0217000
2026-02-08,EUR/INR,107.4599070526,107459.907053,106.9265000000,107.3359586,107335.9586000
2026-02-09,USD/INR,90.85990914,90859.90914,90.6617771748,90.8150000,90815.0000000
2026-02-09,EUR/INR,107.4599070526,107459.907053,106.9265000000,108.3240693,108324.0693000
2026-02-10,USD/INR,90.83090917,90830.90917,90.7264849403,90.7238358,90723.8358000
2026-02-10,EUR/INR,108.3430000967,108343.000097,107.8375000000,108.2335319,108233.5319000
2026-02-11,USD/INR,90.81390919,90813.90919,90.5395997982,90.8499516,90849.9516000
2026-02-11,EUR/INR,108.3408853227,108340.885323,107.6878000000,108.3657595,108365.7595000
2026-02-12,USD/INR,90.76240924,90762.40924,90.7155462185,90.7068565,90706.8565000
2026-02-12,EUR/INR,108.2612934619,108261.293462,107.9515000000,107.9592910,107959.2910000
2026-02-13,USD/INR,90.73690926,90736.90926,90.5886811521,90.7040000,90704.0000000
2026-02-13,EUR/INR,107.9132982967,107913.298297,107.5650000000,107.8197362,107819.7362000
2026-02-14,USD/INR,90.76990923,90769.90923,90.6095093576,90.7040000,90704.0000000
2026-02-14,EUR/INR,107.8980831763,107898.083176,107.4810000000,107.8197362,107819.7362000
2026-02-15,USD/INR,90.76990923,90769.90923,90.6095093576,90.7040000,90704.0000000
2026-02-15,EUR/INR,107.8980831763,107898.083176,107.4810000000,107.8197362,107819.7362000
2026-02-16,USD/INR,90.76990923,90769.90923,90.6095093576,90.8410000,90841.0000000
2026-02-16,EUR/INR,107.8980831763,107898.083176,107.4810000000,107.9190877,107919.0877000
2026-02-17,USD/INR,90.72490928,90724.90928,90.7317587516,90.6690000,90669.0000000
2026-02-17,EUR/INR,107.7901569344,107790.156934,107.5625000000,107.5061894,107506.1894000
2026-02-18,USD/INR,90.81190919,90811.90919,90.6955014375,90.7660000,90766.0000000
2026-02-18,EUR/INR,107.6755730237,107675.573024,107.2565000000,107.6574546,107657.4546000
2026-02-19,USD/INR,90.71990928,90719.90928,90.6922752216,91.2117056,91211.7056000
2026-02-19,EUR/INR,107.6027768032,107602.776803,107.4250000000,107.7665943,107766.5943000
2026-02-20,USD/INR,90.71990928,90719.90928,91.1962903089,90.8490000,90849.0000000
2026-02-20,EUR/INR,107.1310337285,107131.033729,107.1830000000,107.2925487,107292.5487000
2026-02-21,USD/INR,90.999909,90999.909,90.9454406391,90.8490000,90849.0000000
2026-02-21,EUR/INR,107.4707850581,107470.785058,107.0155000000,107.2925487,107292.5487000
2026-02-22,USD/INR,90.999909,90999.909,90.9454406391,90.8490000,90849.0000000
2026-02-22,EUR/INR,107.4707850581,107470.785058,107.0155000000,107.2925487,107292.5487000
2026-02-23,USD/INR,90.999909,90999.909,90.9454406391,90.9940000,90994.0000000
2026-02-23,EUR/INR,107.4707850581,107470.785058,107.0155000000,107.7186062,107718.6062000
2026-02-24,USD/INR,90.9024091,90902.4091,90.8986761711,90.8950000,90895.0000000
2026-02-24,EUR/INR,107.6101642641,107610.164264,107.1150000000,107.3468747,107346.8747000
2026-02-25,USD/INR,91.04090896,91040.90896,90.9285047126,90.9450000,90945.0000000
2026-02-25,EUR/INR,107.4190610536,107419.061054,107.0865000000,107.4059246,107405.9246000
2026-02-26,USD/INR,90.97790902,90977.90902,90.9428038018,91.0880000,91088.0000000
2026-02-26,EUR/INR,107.4902920622,107490.292062,107.1670000000,107.7660966,107766.0966000
2026-02-27,USD/INR,90.92990907,90929.90907,90.9268664297,91.1490000,91149.0000000
2026-02-27,EUR/INR,107.5790678506,107579.067851,107.4210000000,107.8109698,107810.9698000
2026-02-28,USD/INR,90.98740901,90987.40901,91.0804743753,91.1490000,91149.0000000
2026-02-28,EUR/INR,107.6288984798,107628.89848,107.5205000000,107.8109698,107810.9698000
2026-03-01,USD/INR,90.98740901,90987.40901,91.0804743753,91.1490000,91149.0000000
2026-03-01,EUR/INR,107.6288984798,107628.89848,107.5205000000,107.8109698,107810.9698000
2026-03-02,USD/INR,90.98740901,90987.40901,91.0804743753,91.7092134,91709.2134000
2026-03-02,EUR/INR,107.6288984798,107628.89848,107.5205000000,108.2626864,108262.6864000
2026-03-03,USD/INR,91.48490852,91484.90852,91.7396136092,92.2463584,92246.3584000
2026-03-03,EUR/INR,107.915490138,107915.490138,107.3170000000,108.0665440,108066.5440000
2026-03-04,USD/INR,91.48490852,91484.90852,92.1527658108,92.2920282,92292.0282000
2026-03-04,EUR/INR,107.1195722572,107119.572257,106.9525000000,107.5939292,107593.9292000
2026-03-05,USD/INR,92.31590768,92315.90768,92.0832689501,91.9548928,91954.8928000
2026-03-05,EUR/INR,107.621777533,107621.777533,107.2678000000,107.1182278,107118.2278000
2026-03-06,USD/INR,91.78490822,91784.90822,91.6485625753,91.9824219,91982.4219000
2026-03-06,EUR/INR,106.9201326561,106920.132656,106.4773000000,106.9110538,106911.0538000
2026-03-07,USD/INR,91.75740824,91757.40824,91.8385087795,91.9824219,91982.4219000
2026-03-07,EUR/INR,106.6495289752,106649.528975,106.1745000000,106.9110538,106911.0538000
2026-03-08,USD/INR,91.75740824,91757.40824,91.8385087795,91.9824219,91982.4219000
2026-03-08,EUR/INR,106.6495289752,106649.528975,106.1745000000,106.9110538,106911.0538000
2026-03-09,USD/INR,91.75740824,91757.40824,91.8385087795,92.2290000,92229.0000000
2026-03-09,EUR/INR,106.6495289752,106649.528975,106.1745000000,106.9486657,106948.6657000
2026-03-10,USD/INR,92.3999076,92399.9076,92.2977066205,91.9488783,91948.8783000
2026-03-10,EUR/INR,107.5533848929,107553.384893,106.6500000000,107.2582819,107258.2819000
2026-03-11,USD/INR,92.20890779,92208.90779,91.9594536552,92.2260000,92226.0000000
2026-03-11,EUR/INR,107.6076877831,107607.687783,107.0500000000,107.6276201,107627.6201000
2026-03-12,USD/INR,92.04740795,92047.40795,92.0723598998,92.5140000,92514.0000000
2026-03-12,EUR/INR,107.1983040633,107198.304063,106.6290000000,107.1218909,107121.8909000
2026-03-13,USD/INR,92.36990763,92369.90763,92.2096648480,92.5200000,92520.0000000
2026-03-13,EUR/INR,106.9365350989,106936.535099,106.4745000000,106.7125566,106712.5566000
2026-03-14,USD/INR,92.48240752,92482.40752,92.3845416521,92.5200000,92520.0000000
2026-03-14,EUR/INR,106.6506057198,106650.60572,106.0205000000,106.7125566,106712.5566000
2026-03-15,USD/INR,92.48240752,92482.40752,92.3845416521,92.5200000,92520.0000000
2026-03-15,EUR/INR,106.6506057198,106650.60572,106.0205000000,106.7125566,106712.5566000
2026-03-16,USD/INR,92.48240752,92482.40752,92.3845416521,92.4460000,92446.0000000
2026-03-16,EUR/INR,106.6506057198,106650.60572,106.0205000000,106.3405645,106340.5645000
2026-03-17,USD/INR,92.48790751,92487.90751,92.2476041122,92.5092000,92509.2000000
2026-03-17,EUR/INR,106.6107043482,106610.704348,105.8818000000,106.8018509,106801.8509000
2026-03-18,USD/INR,92.50910749,92509.10749,92.3644957072,92.9410000,92941.0000000
2026-03-18,EUR/INR,106.8386613922,106838.661392,106.5055000000,107.4118461,107411.8461000
2026-03-19,USD/INR,92.64490736,92644.90736,92.8956521739,93.3219681,93321.9681000
2026-03-19,EUR/INR,107.0696123384,107069.612338,106.8300000000,107.6934426,107693.4426000
2026-03-20,USD/INR,92.64490736,92644.90736,93.2483244843,93.8216667,93821.6667000
2026-03-20,EUR/INR,107.6254812267,107625.481227,107.1330000000,108.9925590,108992.5590000
2026-03-21,USD/INR,93.84390616,93843.90616,93.6174816097,93.8216667,93821.6667000
2026-03-21,EUR/INR,108.8400535054,108840.053505,108.1750000000,108.9925590,108992.5590000
2026-03-22,USD/INR,93.84390616,93843.90616,93.6174816097,93.8216667,93821.6667000
2026-03-22,EUR/INR,108.8400535054,108840.053505,108.1750000000,108.9925590,108992.5590000
2026-03-23,USD/INR,93.84390616,93843.90616,93.6174816097,93.1969988,93196.9988000
2026-03-23,EUR/INR,108.8400535054,108840.053505,108.1750000000,108.4905921,108490.5921000
2026-03-24,USD/INR,93.97990602,93979.90602,93.2209382546,93.9140000,93914.0000000
2026-03-24,EUR/INR,109.4018992053,109401.899205,108.0990000000,109.3064209,109306.4209000
2026-03-25,USD/INR,93.90990609,93909.90609,93.8446249568,93.8040000,93804.0000000
2026-03-25,EUR/INR,109.2171115654,109217.111565,108.5970000000,109.1127349,109112.7349000
2026-03-26,USD/INR,93.98740601,93987.40601,93.9445307108,94.2480000,94248.0000000
2026-03-26,EUR/INR,109.3260413635,109326.041364,108.9005000000,109.1862009,109186.2009000
2026-03-27,USD/INR,93.98740601,93987.40601,94.1195077563,94.8405912,94840.5912000
2026-03-27,EUR/INR,108.7809149725,108780.914973,108.6045000000,109.6357111,109635.7111000
2026-03-28,USD/INR,94.85240515,94852.40515,94.8115828775,94.8405912,94840.5912000
2026-03-28,EUR/INR,109.5449331532,109544.933153,109.1945000000,109.6357111,109635.7111000
2026-03-29,USD/INR,94.85240515,94852.40515,94.8115828775,94.8405912,94840.5912000
2026-03-29,EUR/INR,109.5449331532,109544.933153,109.1945000000,109.6357111,109635.7111000
2026-03-30,USD/INR,94.85240515,94852.40515,94.8115828775,94.5905310,94590.5310000
2026-03-30,EUR/INR,109.5449331532,109544.933153,109.1945000000,109.0628431,109062.8431000
2026-03-31,USD/INR,95.25490475,95254.90475,94.7131661442,93.9990000,93999.0000000
2026-03-31,EUR/INR,109.7525915193,109752.591519,108.7686000000,108.4936421,108493.6421000
2026-04-01,USD/INR,94.38490562,94384.90562,93.8239693860,93.3471938,93347.1938000
2026-04-01,EUR/INR,109.1560342406,109156.034241,107.8788000000,108.5440059,108544.0059000
2026-04-02,USD/INR,93.89490611,93894.90611,93.4286945282,93.0858545,93085.8545000
2026-04-02,EUR/INR,109.1808876249,109180.887625,108.4240000000,108.2121868,108212.1868000
2026-04-03,USD/INR,93.6959063,93695.9063,93.1019522777,92.8275191,92827.5191000
2026-04-03,EUR/INR,108.7527296615,108752.729662,107.3000000000,107.2250563,107225.0563000
2026-04-04,USD/INR,92.85390715,92853.90715,93.1019522777,92.8275191,92827.5191000
2026-04-04,EUR/INR,107.2554409027,107255.440903,107.3000000000,107.2250563,107225.0563000
2026-04-05,USD/INR,92.85390715,92853.90715,93.1019522777,92.8275191,92827.5191000
2026-04-05,EUR/INR,107.2554409027,107255.440903,107.3000000000,107.2250563,107225.0563000
2026-04-06,USD/INR,92.85390715,92853.90715,93.1019522777,93.2139040,93213.9040000
2026-04-06,EUR/INR,107.2554409027,107255.440903,107.3000000000,107.8763496,107876.3496000
2026-04-07,USD/INR,93.22190678,93221.90678,93.1019522777,92.8990000,92899.0000000
2026-04-07,EUR/INR,107.8856048587,107885.604859,107.3000000000,107.6233859,107623.3859000
2026-04-08,USD/INR,93.22190678,93221.90678,93.1019522777,92.3110000,92311.0000000
2026-04-08,EUR/INR,107.8856048587,107885.604859,107.3000000000,108.2161815,108216.1815000
2026-04-09,USD/INR,92.6974073,92697.4073,92.2204852213,92.4330000,92433.0000000
2026-04-09,EUR/INR,108.6690619364,108669.061936,107.9533000000,108.2205365,108220.5365000
2026-04-10,USD/INR,92.94990705,92949.90705,92.6605049208,93.0650000,93065.0000000
2026-04-10,EUR/INR,108.9743620881,108974.362088,108.2738000000,109.2582788,109258.2788000
2026-04-11,USD/INR,92.77490723,92774.90723,92.8866023397,93.0650000,93065.0000000
2026-04-11,EUR/INR,108.9176321703,108917.63217,108.7795000000,109.2582788,109258.2788000
2026-04-12,USD/INR,92.77490723,92774.90723,92.8866023397,93.0650000,93065.0000000
2026-04-12,EUR/INR,108.9176321703,108917.63217,108.7795000000,109.2582788,109258.2788000
2026-04-13,USD/INR,92.77490723,92774.90723,92.8866023397,93.4360000,93436.0000000
2026-04-13,EUR/INR,108.9176321703,108917.63217,108.7795000000,109.5162746,109516.2746000
2026-04-14,USD/INR,93.47240653,93472.40653,93.3301951387,93.2120000,93212.0000000
2026-04-14,EUR/INR,109.9888707468,109988.870747,109.0470000000,110.1019730,110101.9730000
2026-04-15,USD/INR,93.47240653,93472.40653,93.0861528025,93.4372608,93437.2608000
2026-04-15,EUR/INR,110.4094962023,110409.496202,109.7765000000,110.3400292,110340.0292000
2026-04-16,USD/INR,93.51190649,93511.90649,93.4376061121,93.0600000,93060.0000000
2026-04-16,EUR/INR,110.4280999365,110428.099937,110.0695000000,110.0526848,110052.6848000
2026-04-17,USD/INR,93.42690657,93426.90657,93.2435070446,92.6440000,92644.0000000
2026-04-17,EUR/INR,110.4865491857,110486.549186,109.8595000000,109.7831213,109783.1213000
2026-04-18,USD/INR,92.98240702,92982.40702,92.8223277104,92.6440000,92644.0000000
2026-04-18,EUR/INR,110.1840421345,110184.042135,109.5025000000,109.7831213,109783.1213000
2026-04-19,USD/INR,92.98240702,92982.40702,92.8223277104,92.6440000,92644.0000000
2026-04-19,EUR/INR,110.1840421345,110184.042135,109.5025000000,109.7831213,109783.1213000
2026-04-20,USD/INR,92.98240702,92982.40702,92.8223277104,93.2475000,93247.5000000
2026-04-20,EUR/INR,110.1840421345,110184.042135,109.5025000000,109.9480607,109948.0607000
2026-04-21,USD/INR,93.24740675,93247.40675,93.0718537415,93.6362000,93636.2000000
2026-04-21,EUR/INR,109.9479073602,109947.90736,109.4525000000,110.4345026,110434.5026000
2026-04-22,USD/INR,93.63610636,93636.10636,93.5051414974,93.8788000,93878.8000000
2026-04-22,EUR/INR,110.434313444,110434.313444,110.0275000000,110.4483758,110448.3758000
2026-04-23,USD/INR,93.87870612,93878.70612,93.8042273928,94.1625000,94162.5000000
2026-04-23,EUR/INR,110.4387994782,110438.799478,110.0605000000,110.3396111,110339.6111000
2026-04-24,USD/INR,94.17240583,94172.40583,94.1097998974,94.3213000,94321.3000000
2026-04-24,EUR/INR,110.341697541,110341.697541,110.0520000000,110.5539342,110553.9342000
2026-04-25,USD/INR,94.32120568,94321.20568,94.2524760929,94.3213000,94321.3000000
2026-04-25,EUR/INR,110.6009351416,110600.935142,110.3885000000,110.5539342,110553.9342000
2026-04-26,USD/INR,94.32120568,94321.20568,94.2524760929,94.3213000,94321.3000000
2026-04-26,EUR/INR,110.6009351416,110600.935142,110.3885000000,110.5539342,110553.9342000
2026-04-27,USD/INR,94.32120568,94321.20568,94.2524760929,94.2938000,94293.8000000
2026-04-27,EUR/INR,110.6009351416,110600.935142,110.3885000000,110.8517217,110851.7217000
2026-04-28,USD/INR,94.2961057,94296.1057,94.1990807728,94.5912000,94591.2000000
2026-04-28,EUR/INR,110.8543909687,110854.390969,110.6745000000,111.0027319,111002.7319000
2026-04-29,USD/INR,94.59110541,94591.10541,94.5428082192,94.8800000,94880.0000000
2026-04-29,EUR/INR,110.9552556906,110955.255691,110.4260000000,111.2183023,111218.3023000
2026-04-30,USD/INR,94.87990512,94879.90512,94.8500768836,94.9900000,94990.0000000
2026-04-30,EUR/INR,111.2181135824,111218.113582,111.0315000000,111.4896943,111489.6943000
2026-05-01,USD/INR,95.34370466,95343.70466,94.9149717997,94.9200000,94920.0000000
2026-05-01,EUR/INR,111.9620004487,111962.000449,111.0695000000,111.8726170,111872.6170000
2026-05-02,USD/INR,94.91990508,94919.90508,94.9149717997,94.9200000,94920.0000000
2026-05-02,EUR/INR,111.8724882167,111872.488217,111.0695000000,111.8726170,111872.6170000
2026-05-03,USD/INR,94.91990508,94919.90508,94.9149717997,94.9200000,94920.0000000
2026-05-03,EUR/INR,111.8724882167,111872.488217,111.0695000000,111.8726170,111872.6170000
2026-05-04,USD/INR,94.91990508,94919.90508,94.9149717997,95.0988000,95098.8000000
2026-05-04,EUR/INR,111.8724882167,111872.488217,111.0695000000,111.8360752,111836.0752000
2026-05-05,USD/INR,95.0987049,95098.7049,95.0927350427,95.3095000,95309.5000000
2026-05-05,EUR/INR,111.769396128,111769.396128,111.2585000000,111.6454643,111645.4643000
2026-05-06,USD/INR,95.4999045,95499.9045,95.2849563580,94.6713000,94671.3000000
2026-05-06,EUR/INR,111.8684763009,111868.476301,111.3500000000,111.6931060,111693.1060000
2026-05-07,USD/INR,95.18990481,95189.90481,94.6152865159,94.4058080,94405.8080000
2026-05-07,EUR/INR,112.3049373708,112304.937371,111.2865000000,111.2005362,111200.5362000
2026-05-08,USD/INR,94.91240509,94912.40509,94.2548853016,94.5639735,94563.9735000
2026-05-08,EUR/INR,111.7972101487,111797.210149,110.9380000000,111.4719234,111471.9234000
2026-05-09,USD/INR,94.68740531,94687.40531,94.4889890315,94.5639735,94563.9735000
2026-05-09,EUR/INR,111.636339224,111636.339224,111.1285000000,111.4719234,111471.9234000
2026-05-10,USD/INR,94.68740531,94687.40531,94.4889890315,94.5639735,94563.9735000
2026-05-10,EUR/INR,111.636339224,111636.339224,111.1285000000,111.4719234,111471.9234000
2026-05-11,USD/INR,94.68740531,94687.40531,94.4889890315,95.3200000,95320.0000000
2026-05-11,EUR/INR,111.636339224,111636.339224,111.1285000000,112.4108302,112410.8302000
2026-05-12,USD/INR,95.32490468,95324.90468,95.3153421164,95.7538000,95753.8000000
2026-05-12,EUR/INR,112.4165477011,112416.547701,112.1385000000,112.9032372,112903.2372000
2026-05-13,USD/INR,95.75370425,95753.70425,95.6368205827,95.8150000,95815.0000000
2026-05-13,EUR/INR,112.9030797876,112903.079788,112.2585000000,112.5634245,112563.4245000
2026-05-14,USD/INR,95.81490419,95814.90419,95.6716175843,95.8919977,95891.9977000
2026-05-14,EUR/INR,112.5344924845,112534.492485,112.0793000000,112.4236741,112423.6741000
2026-05-15,USD/INR,95.96740403,95967.40403,95.7678174671,96.0800000,96080.0000000
2026-05-15,EUR/INR,112.512072011,112512.072011,112.0675000000,112.2502030,112250.2030000
2026-05-16,USD/INR,96.15240385,96152.40385,95.9700722394,96.0800000,96080.0000000
2026-05-16,EUR/INR,112.28666491,112286.66491,111.5940000000,112.2502030,112250.2030000
2026-05-17,USD/INR,96.15240385,96152.40385,95.9700722394,96.0800000,96080.0000000
2026-05-17,EUR/INR,112.28666491,112286.66491,111.5940000000,112.2502030,112250.2030000
2026-05-18,USD/INR,96.15240385,96152.40385,95.9700722394,96.3975000,96397.5000000
2026-05-18,EUR/INR,112.28666491,112286.66491,111.5940000000,112.3800830,112380.0830000
2026-05-19,USD/INR,96.3999036,96399.9036,96.3500171703,96.6250000,96625.0000000
2026-05-19,EUR/INR,112.421455176,112421.455176,112.2285000000,112.7129736,112712.9736000
2026-05-20,USD/INR,96.62490338,96624.90338,96.5417383821,96.9450000,96945.0000000
2026-05-20,EUR/INR,112.7128371281,112712.837128,112.1815000000,112.9117356,112911.7356000
2026-05-21,USD/INR,96.96990303,96969.90303,96.8250000000,96.3493075,96349.3075000
2026-05-21,EUR/INR,112.9407330891,112940.733089,112.3170000000,112.1215594,112121.5594000
2026-05-22,USD/INR,96.51240349,96512.40349,96.2052763169,95.7100000,95710.0000000
2026-05-22,EUR/INR,112.3113716009,112311.371601,111.5885000000,111.3297926,111329.7926000
2026-05-23,USD/INR,96.31490369,96314.90369,95.6951272100,95.7100000,95710.0000000
2026-05-23,EUR/INR,111.9852265061,111985.226506,110.9585000000,111.3297926,111329.7926000
2026-05-24,USD/INR,96.31490369,96314.90369,95.6951272100,95.7100000,95710.0000000
2026-05-24,EUR/INR,111.9852265061,111985.226506,110.9585000000,111.3297926,111329.7926000
2026-05-25,USD/INR,96.31490369,96314.90369,95.6951272100,95.3588055,95358.8055000
2026-05-25,EUR/INR,111.9852265061,111985.226506,110.9585000000,111.1310847,111131.0847000
2026-05-26,USD/INR,96.31490369,96314.90369,95.2391995190,95.6900000,95690.0000000
2026-05-26,EUR/INR,111.9852265061,111985.226506,110.8870000000,111.4500385,111450.0385000
2026-05-27,USD/INR,95.70990429,95709.90429,95.6850610280,95.7400000,95740.0000000
2026-05-27,EUR/INR,111.4923560054,111492.356005,111.3200000000,111.6614747,111661.4747000
2026-05-28,USD/INR,95.8024042,95802.4042,95.6990633325,95.7063000,95706.3000000
2026-05-28,EUR/INR,111.7342323129,111734.232313,111.3650000000,111.5839092,111583.9092000
2026-05-29,USD/INR,95.8024042,95802.4042,95.6963932168,95.0575000,95057.5000000
2026-05-29,EUR/INR,111.7342323129,111734.232313,111.1705000000,111.1126047,111112.6047000
2026-05-30,USD/INR,95.70990429,95709.90429,95.0012882171,95.0575000,95057.5000000
2026-05-30,EUR/INR,111.8751952397,111875.19524,110.6195000000,111.1126047,111112.6047000
2026-05-31,USD/INR,95.70990429,95709.90429,95.0012882171,95.0575000,95057.5000000
2026-05-31,EUR/INR,111.8751952397,111875.19524,110.6195000000,111.1126047,111112.6047000
2026-06-01,USD/INR,95.70990429,95709.90429,95.0012882171,95.0475000,95047.5000000
2026-06-01,EUR/INR,111.8751952397,111875.19524,110.6195000000,110.8918365,110891.8365000
2026-06-02,USD/INR,95.07240493,95072.40493,94.9931306886,95.2925000,95292.5000000
2026-06-02,EUR/INR,110.9208638823,110920.863882,110.6290000000,111.0728406,111072.8406000
2026-06-03,USD/INR,95.29240471,95292.40471,95.2738432483,95.8050000,95805.0000000
2026-06-03,EUR/INR,111.072715819,111072.715819,110.9845000000,111.5361734,111536.1734000
2026-06-04,USD/INR,95.8049042,95804.9042,95.7099190632,95.8000000,95800.0000000
2026-06-04,EUR/INR,111.4880555006,111488.055501,111.1575000000,111.5686695,111568.6695000
2026-06-05,USD/INR,95.7999042,95799.9042,95.7856529210,95.0150000,95015.0000000
2026-06-05,EUR/INR,111.5684568244,111568.456824,111.4945000000,110.6449231,110644.9231000
2026-06-06,USD/INR,95.78740421,95787.40421,94.9497422680,95.0150000,95015.0000000
2026-06-06,EUR/INR,111.544320706,111544.320706,110.5215000000,110.6449231,110644.9231000
2026-06-07,USD/INR,95.78740421,95787.40421,94.9497422680,95.0150000,95015.0000000
2026-06-07,EUR/INR,111.544320706,111544.320706,110.5215000000,110.6449231,110644.9231000
2026-06-08,USD/INR,95.78740421,95787.40421,94.9497422680,95.7325000,95732.5000000
2026-06-08,EUR/INR,111.544320706,111544.320706,110.5215000000,110.6283917,110628.3917000
2026-06-09,USD/INR,95.73240427,95732.40427,95.7084055459,95.4789615,95478.9615000
2026-06-09,EUR/INR,110.6282557078,110628.255708,110.4475000000,110.5550176,110555.0176000
2026-06-10,USD/INR,95.74990425,95749.90425,95.3508165558,95.4033780,95403.3780000
2026-06-10,EUR/INR,110.8687032527,110868.703253,110.3495000000,110.4198096,110419.8096000
2026-06-11,USD/INR,95.57240443,95572.40443,95.2660542508,95.7700000,95770.0000000
2026-06-11,EUR/INR,110.61539031,110615.39031,109.9275000000,110.7195790,110719.5790000
2026-06-12,USD/INR,95.76990423,95769.90423,95.7649302245,95.2671840,95267.1840000
2026-06-12,EUR/INR,111.0163619861,111016.361986,110.4840000000,110.4337077,110433.7077000
2026-06-13,USD/INR,95.53490447,95534.90447,95.1149822772,95.2671840,95267.1840000
2026-06-13,EUR/INR,110.7343970462,110734.397046,110.0195000000,110.4337077,110433.7077000
2026-06-14,USD/INR,95.53490447,95534.90447,95.1149822772,95.2671840,95267.1840000
2026-06-14,EUR/INR,110.7343970462,110734.397046,110.0195000000,110.4337077,110433.7077000
2026-06-15,USD/INR,95.53490447,95534.90447,95.1149822772,94.7825000,94782.5000000
2026-06-15,EUR/INR,110.7343970462,110734.397046,110.0195000000,110.1655811,110165.5811000
2026-06-16,USD/INR,94.78240522,94782.40522,94.7148272594,94.7320000,94732.0000000
2026-06-16,EUR/INR,110.1654794501,110165.47945,109.9355000000,110.0784814,110078.4814000
2026-06-17,USD/INR,94.73190527,94731.90527,94.5605485596,94.6050000,94605.0000000
2026-06-17,EUR/INR,110.0878370358,110087.837036,109.6335000000,109.9403611,109940.3611000
2026-06-18,USD/INR,94.60990539,94609.90539,94.5341213010,94.4601387,94460.1387000
2026-06-18,EUR/INR,109.9271391359,109927.139136,109.5745000000,109.5548211,109554.8211000
2026-06-19,USD/INR,94.71740528,94717.40528,94.3333915016,94.4476225,94447.6225000
2026-06-19,EUR/INR,109.2090590787,109209.059079,108.1155000000,108.3975156,108397.5156000
2026-06-20,USD/INR,94.54990545,94549.90545,94.3293799599,94.4476225,94447.6225000
2026-06-20,EUR/INR,108.5715478849,108571.547885,108.1675000000,108.3975156,108397.5156000
2026-06-21,USD/INR,94.54990545,94549.90545,94.3293799599,94.4476225,94447.6225000
2026-06-21,EUR/INR,108.5715478849,108571.547885,108.1675000000,108.3975156,108397.5156000
2026-06-22,USD/INR,94.54990545,94549.90545,94.3293799599,94.7600000,94760.0000000
2026-06-22,EUR/INR,108.5715478849,108571.547885,108.1675000000,108.7938646,108793.8646000
2026-06-23,USD/INR,94.76240524,94762.40524,94.6866270950,94.8500000,94850.0000000
2026-06-23,EUR/INR,108.7492274662,108749.227466,108.4730000000,108.5178193,108517.8193000
2026-06-24,USD/INR,94.92490508,94924.90508,94.7401685393,94.7450000,94745.0000000
2026-06-24,EUR/INR,108.6034753079,108603.475308,107.9280000000,107.8766031,107876.6031000
2026-06-25,USD/INR,94.93990506,94939.90506,94.6741622575,94.5500000,94550.0000000
2026-06-25,EUR/INR,108.0984677648,108098.467765,107.3605000000,107.6828986,107682.8986000
2026-06-26,USD/INR,94.56240544,94562.40544,94.3956092400,94.4194000,94419.4000000
2026-06-26,EUR/INR,107.697015849,107697.015849,107.0635000000,107.9779788,107977.9788000
2026-06-27,USD/INR,94.41930558,94419.30558,94.4044382072,94.4194000,94419.4000000
2026-06-27,EUR/INR,107.9778098456,107977.809846,107.6305000000,107.9779788,107977.9788000
2026-06-28,USD/INR,94.41930558,94419.30558,94.4044382072,94.4194000,94419.4000000
2026-06-28,EUR/INR,107.9778098456,107977.809846,107.6305000000,107.9779788,107977.9788000
2026-06-29,USD/INR,94.41930558,94419.30558,94.4044382072,94.5600000,94560.0000000
2026-06-29,EUR/INR,107.9778098456,107977.809846,107.6305000000,108.0442460,108044.2460000
2026-06-30,USD/INR,94.56740543,94567.40543,94.5449763282,94.7650000,94765.0000000
2026-06-30,EUR/INR,108.109349797,108109.349797,107.8380000000,108.4015955,108401.5955000
2026-07-01,USD/INR,94.76490524,94764.90524,94.6607863788,95.2900000,95290.0000000
2026-07-01,EUR/INR,108.401466693,108401.466693,107.8565000000,108.9068400,108906.8400000
2026-07-02,USD/INR,95.29490471,95294.90471,95.2486163577,95.4025000,95402.5000000
2026-07-02,EUR/INR,108.9029081805,108902.908181,108.4215000000,109.4647840,109464.7840000
2026-07-03,USD/INR,95.40990459,95409.90459,95.3974032810,95.2700000,95270.0000000
2026-07-03,EUR/INR,109.4732150914,109473.215091,108.7435000000,109.2175133,109217.5133000
2026-07-04,USD/INR,95.40990459,95409.90459,95.2148846960,95.2700000,95270.0000000
2026-07-04,EUR/INR,109.3778052822,109377.805282,109.0020000000,109.2175133,109217.5133000
2026-07-05,USD/INR,95.40990459,95409.90459,95.2148846960,95.2700000,95270.0000000
2026-07-05,EUR/INR,109.3778052822,109377.805282,109.0020000000,109.2175133,109217.5133000
